groupid,output
0,0.000879576
2,0.00662979
3,0.000632732
5,0.110085
6,0.0126932
7,0.74687
8,0.0342758
9,0.133015
10,0.00570844
11,0.163461
12,0.105533
13,0.902605
14,0.00166992
15,0.000966161
16,0.00343388
17,0.0149564
18,0.00278868
19,0.0428136
20,0.0807231
22,0.0249543
23,0.00184383
24,0.0182694
25,0.00356381
26,0.0050084
28,0.0637958
30,1
31,0.913659
32,0.00874923
34,0.0193282
35,0.0424591
36,0.0257352
37,0.0685559
38,0.00605943
39,0.0137128
40,0.00766126
41,0.00121827
42,0.00953338
43,0.0277579
44,1
45,0.00839056
46,0.00359941
47,0.0276271
48,0.0207857
49,1
50,0.985779
51,0.171749
52,0.0163147
53,0.0010815
54,0.00576147
55,0.00179887
56,0.533015
57,0.0150055
59,0.967402
60,0.0144528
64,0.928672
65,0.00496026
66,0.0047543
67,0.00104524
68,0.0447446
70,0.00121421
71,0.018535
72,0.000879858
73,0.0310921
74,0.00313077
75,0.00293152
76,0.00161016
78,0.683816
79,0.00674351
80,0.00089437
81,0.0157408
82,0.0378545
83,0.0310819
85,0.0352996
86,0.0353813
87,0.16693
90,0.0720566
91,1
92,0.000356262
93,1
94,0.000239644
95,0.00318917
96,1
97,0.0274671
98,8.21287e-06
99,0.00942457
100,0.0011631
101,0.00464433
102,0.00699563
103,0.956106
105,0.00144747
106,1.85581e-05
107,0.00138602
109,0.0179797
110,0.0041015
111,0.0119483
112,0.162181
113,0.794304
114,0.0737709
115,0.000566551
116,0.00270135
117,0.0115573
118,0.00203943
119,0.00290332
120,1
122,0.000289349
123,0.00019475
124,0
125,0.0613307
126,0.00387284
127,0.00156159
129,0.000338009
130,0.00823041
131,0.00985706
132,0.0688695
133,0.222283
134,0.421827
135,0.725925
136,0.257267
137,0.00921888
138,0.641372
139,0.0237942
140,0.000783087
141,0.855248
142,0.00376811
143,0.0302303
145,0.000115755
146,9.40983e-05
147,0.254992
148,0.00412089
150,0.0387809
151,0.0119823
152,0.0313533
153,0.0106767
154,0.00213854
155,0.0613315
156,1
157,0.826439
158,0.968379
159,0.0592506
160,0.270627
161,0.99449
163,0.0579365
164,0.00856434
165,0.0107351
166,0.110053
167,0.0285357
168,0.5288
169,0.749459
170,0.984972
171,0.984958
172,0.960485
173,0.00217794
174,0.0365592
175,0.030204
176,0.0163298
177,0.0154429
178,0.026463
179,0.0314851
180,0.161432
181,0.997828
182,0.878957
183,0.00959554
184,0.0197075
185,0.0222095
186,0.012834
187,0.923646
188,0.0394722
189,0.0491249
191,0.00344361
192,6.9618e-05
193,0.00668699
194,0.0112412
195,1
196,0
197,0.00312798
198,0.00274008
199,0.00297182
200,0.016481
201,0.108957
202,0.0689171
203,0.318407
204,0.00190314
206,0.00713961
207,0.00139647
208,0.513092
209,0.0135793
210,0.000850227
211,0.00636781
212,0.00958425
213,1
215,0.0208924
216,0.0308634
217,0.0387403
218,1
219,0.812451
220,0.00239622
221,0.00398464
222,0.00865721
223,0.059815
224,0.0180322
225,0.0935813
226,0.00702383
227,0.430599
228,0.00249742
229,0.00251163
230,0.573124
231,0.0365575
232,0.114138
233,0.00410646
235,0.103147
237,0.000884051
238,0.333573
239,0.00329698
240,0.00457202
241,0.0108473
242,0.955771
243,0.0377392
244,0.000593502
245,0.00150403
246,0.0225899
247,0.0135486
248,0.0478626
249,0.0605084
251,0.0309529
252,0.0326339
253,0.0195272
256,1
258,0.0961997
260,0.081655
261,1
262,0.00431698
263,0.00313712
264,0.988955
265,0.00165878
268,0.00454995
269,0.00153924
270,0.00180626
272,0.0180432
273,0.00127628
274,0.0759714
275,1
276,0.0533936
277,0.0377387
278,0.0197505
279,0.0018435
280,0.0124027
281,0.0350703
282,0.0302552
283,0.00075107
284,0.0178929
286,0.837837
287,0.0201702
288,0.00892675
289,0.970595
290,0.0114984
291,0.0473303
292,0.151781
294,0.191521
295,0.898706
296,1
298,0.00214457
299,0.118423
301,0.253003
302,0.0285757
304,0.0102052
305,0.0463376
306,0.20069
307,0.370315
308,0.98768
309,0.978309
311,0.847063
312,0.955591
313,0.969072
315,0.985195
319,0.913892
320,0.870259
321,1
322,0.00523692
323,0.00181851
324,0.000413759
325,0.305064
326,0.0213433
327,0.0138432
330,0.969695
332,0.00454116
333,0.00144257
334,0.00239265
335,0.00443694
336,0.00887527
337,0.00192295
338,0.00289915
339,0.0108132
340,0.0108228
341,0.0131251
342,0.00413938
344,0.0166033
345,0.0073892
346,0.00812213
347,0.0354762
348,0.816047
349,0.0551021
350,0.286751
351,0.161852
352,0.0529105
353,0.992151
354,0.993497
355,1
356,0.997181
358,1
359,0.888624
360,0.66935
361,0.947571
362,0.891243
364,0.0011863
365,0.0020134
366,0.0178773
367,0.000659039
368,0.0378169
369,0.0088048
370,0.272399
372,0.00164876
373,0.57171
374,0.00397605
375,0.00769691
376,0.0120028
377,0.00243428
378,0.00425633
379,0.053646
380,0.0228736
381,0.0143675
382,0.00164708
383,0.0017191
384,0.0187104
385,0.0752256
386,0.0175703
387,0.0211724
388,0.670523
389,0.165911
390,0.00283449
391,0.0017684
392,0.0158386
393,0.000562772
394,0.0436997
395,0.0202026
396,1
397,0.0162877
399,0.00251932
400,0.000445426
401,0.0114071
402,0.00502592
404,0.0215047
405,0.0227968
407,0.00364972
410,0.773165
411,0.729871
412,0.160057
413,0.0667772
414,1
415,0.173623
416,0.971463
417,0.000133507
420,1
421,0.0030959
422,0.945292
423,0.00513946
424,0.0128877
425,0.00384466
427,0.661598
428,0.0442806
429,0.00480894
430,0.122451
432,0.0166939
433,0.00201936
435,0.00211848
437,0.0138334
438,0.0120346
440,0.038571
444,0.000295183
445,0.000864468
446,0.00232879
448,0.0235922
450,0.00310403
451,0.0206895
452,0.0326567
453,0.0045063
454,0.0930097
455,0.031762
456,0.0813226
457,0.108776
458,0.981618
460,0.0111158
461,0.00172734
462,0.00838412
464,0.0018953
466,0.00141782
467,0.000706115
468,1
469,0.0116913
470,0.000949069
471,0.00570411
472,0.00894114
473,0.000139397
475,0.00189487
476,0.00766563
477,0.00523438
479,0.00969458
480,0.0962735
481,0.0101948
482,0.0363856
483,0.0734487
484,0.0180668
485,0.0159803
487,0.00729552
488,0.055183
489,1
491,0.99311
492,1
493,0.0102828
494,0.0963037
495,0.437586
496,0.00066141
497,0.0120706
498,0.336512
499,1
500,0.0246575
502,0.00508548
503,1
504,0.0315099
505,0.00194163
506,0.0294191
508,0.000746609
509,0.614223
510,0.000916758
511,0.00633061
512,0.0216167
513,0.0279085
514,0.0971788
515,0.0056129
516,0.562185
517,0.00135946
518,0.00929185
519,0.0282585
520,0.0514166
521,0.102774
522,0.0311483
523,0.526537
524,0.00109808
525,0.00748452
526,0.000367668
527,0.00602073
528,0.0100802
529,0.0383538
530,0.0221618
532,0.043268
533,0.0509986
534,0.484816
535,0.952966
536,0.000983611
537,0.00852066
538,0.0582327
540,0.00137926
541,0.00443926
542,0.00658107
543,0.00662899
544,0.00596083
545,0.875922
546,0.0142904
547,0.0320195
548,0.000495949
549,9.87759e-05
550,0.0042733
552,0.0100325
554,0.107707
555,0.0436991
556,0.0230946
557,0.00918444
558,0.00924559
559,0.830754
560,0.0294493
561,0.544415
564,0.00124514
565,0.00120695
566,0.000157138
567,0.0016108
568,0.00146559
569,0.0304445
570,1
571,0.000878008
572,0.0246614
573,0.00395216
574,0.0555565
575,0.0172911
577,0.0166699
578,0.0459004
579,1
580,0.00252525
581,0.00215287
582,0.017682
583,0.334825
584,0.0544074
585,0.269022
586,0.00354809
587,0.0185227
588,0.92121
589,0.0141678
590,0.00146248
591,0.00770846
592,0.0343636
593,0.0324455
594,0.0191152
595,0.0152145
598,0.117348
599,0.00344784
600,0.233412
601,0.272063
602,0.0127933
603,0.0155321
604,0.0448938
605,0.0176122
606,0.0690055
607,0.852531
608,0.374541
609,0.754052
610,0.182598
612,0.035543
614,0.0170179
615,1
616,0.193754
617,0
619,0.0194989
620,0.00425478
621,0.00608268
623,0.0254466
624,0.0106342
626,0.00235161
627,0.0435084
628,0.00107718
629,0.557305
630,0.107471
631,0.984437
633,0.0972912
634,1
635,0.00963519
636,0.041353
637,0.00434279
638,0.0236398
639,0.0343709
640,0.110503
641,0.994378
643,1
644,1
645,1
648,0.00028607
650,1
651,0.00650676
652,0.0187699
653,0.593201
654,0.00668983
655,1
656,0.200604
659,1
660,0.000100055
661,0.000108261
662,0.0526518
663,0.0317412
664,0.830966
665,0.00270723
666,0.00168397
667,0.00878297
668,0.0651491
669,0.0185755
670,9.0719e-05
671,0.000137173
672,0.00129436
673,0.00259348
675,0.0144059
676,0.00812926
679,0.00245787
680,0.000394334
681,0.00630439
682,1
683,0.00376604
684,1
685,0.0247596
688,0.0137457
689,0.557802
690,0.00405892
692,0.568141
693,0.984883
694,0.00519032
695,0.00168949
696,0.00162208
697,0.00618973
698,0.0105147
699,0.0265419
700,0.0272919
701,0.0328935
702,0
703,0.962795
704,0.00813427
705,0.00830196
706,0.00561377
707,0.0464719
708,0.0756905
710,0.993515
712,1
713,0.00128096
714,0.0115116
715,0.00359006
716,0.0578103
717,0.0573607
718,0.0072452
719,0.0253613
720,0.0178001
721,0.0143079
723,0.00676699
724,0.0684875
725,0.693725
726,0.00585805
728,0.00129527
730,0.0124543
731,0.167543
732,1
733,0.993211
734,0.993282
735,1
736,0.987294
738,8.34081e-05
739,0.0012908
742,0.0308433
743,0.00110375
744,0.259169
745,0.00184038
746,0.0143383
747,0.103817
748,0.0160375
749,0.023371
750,0.0224839
751,0.0118046
752,0.0145564
753,0.999164
754,0.6497
755,0.066471
756,0.105355
757,0.108189
758,0.872399
759,0.106178
760,0.0181243
761,0.0039894
762,0.00692071
763,0.00135891
764,0.00403115
765,0.0468575
766,0.0392025
767,0.0163382
768,0.717906
769,0.00853687
770,0.192701
771,0.00901282
772,0.881362
774,0.555015
775,1
776,0.00131716
777,0.020726
778,0.0581179
780,1
785,0.00174371
786,0.0301884
787,0.016015
788,0.00756005
789,0.01819
790,0.0345075
791,1
792,0.143241
793,0.00856632
794,0.00699489
795,0.0356512
796,0.0186228
797,0.0284417
798,0.186407
799,0.035712
800,0.0432474
801,1
802,0.00242342
803,0.00789479
804,0.00455452
806,0.0110218
808,0.0390969
809,0.734712
810,0.399571
811,0.0055073
812,0.00114531
813,0.00671827
814,0.00799143
815,0.00495671
816,0.00410787
817,0.00805202
818,0.0111633
819,1
821,0.0572737
822,0.00448658
823,0.325003
824,0.991269
825,0.861368
827,0.986289
828,1
829,0.00658193
830,0.830489
831,0.00842614
832,0.00259932
833,0.225463
834,0.0183673
835,0.00959652
836,0.00724604
837,0.097675
838,0.115647
839,0.0127632
840,0.0215904
841,0.219533
842,0.109038
844,1
845,0.847791
846,0.000119532
847,0.0142469
848,0.000723281
849,0.0109265
850,0.0893925
851,0.00857293
855,0.00234977
856,0.00728396
857,0.0528224
858,0.00100638
859,0.0167286
860,0.115167
861,0.0113748
862,0.0349536
864,0.40529
865,0.00661674
866,0.029781
867,0.00503551
868,0.0594433
869,0.997889
870,0.110155
871,0.841766
872,0.958076
873,0.061887
874,0.0753874
875,0
876,0.00269288
877,0.00118059
878,0.0146134
879,0.0200349
880,0.0209851
881,0.0743436
884,0.0028157
885,0.00593443
886,0.00508241
887,0.0163309
888,0.00396398
889,0.0792628
890,0.55987
893,0.00132511
894,0.00218313
896,0.00230771
897,0.0398041
898,0.790114
899,0.04494
900,0.201879
901,0.00045053
902,0.00090923
903,0.0021874
904,0.00252627
905,0.0107023
906,0.0102747
907,0.0108344
908,0.00823448
909,0.0294911
910,0.0186515
911,0.101147
912,0.152634
913,0.0217907
914,0.982722
915,0.0961682
916,0.109365
917,0.573805
918,0.0165297
919,0.00133804
920,0.00858001
921,0.0130396
922,0.0275843
923,0.213144
924,0.0454615
926,0.00489993
927,0.000609327
928,0.0248735
929,0.00606363
930,0.0102955
931,0.00707586
932,0.0114786
933,0.0251764
934,0.0175209
935,0.00281331
936,0.0150185
937,0.0583523
938,0.0502902
939,0.0538666
940,0.0127118
941,0.00510074
942,0.0028589
943,0.00247263
944,0.014936
945,0.0106988
946,0.0227706
947,0.0229034
948,0.0694809
949,0.0330206
950,0.250917
951,1
952,0.24683
953,0.577316
954,0.0546181
956,0.421326
957,0.344196
958,0.672173
959,0.00395917
960,0.861307
961,0.00221133
962,1
963,0.00676169
964,0.0511645
966,0.0669649
967,1
969,0.00294794
971,0.0010174
972,0.00163421
973,0.0066985
975,0.107822
977,0.00166373
978,0.000157629
979,0.00726444
980,0.902714
981,0.710133
982,0.935806
983,0.688459
984,0.009501
986,0.00430974
987,0.00330289
988,0.0187166
989,0.127881
990,0.000518089
991,0.0012489
992,0.00547062
994,0.0180755
995,0.00521779
996,0.00369541
997,0.0133696
998,0.0436853
999,0.0120124
1000,0.184702
1001,0.74626
1003,0.00482199
1004,0.0039828
1005,0.00861045
1006,0.0248825
1007,0.0109822
1008,0.0211844
1009,0.00431274
1010,0.00166208
1011,0.000120652
1012,0.00748546
1013,0.0075237
1014,0.0178883
1015,0.00697373
1016,0.709462
1017,0.0372644
1018,0.219605
1019,0.00838796
1020,0.943949
1021,8.84344e-05
1022,0.0135757
1023,0.00181988
1025,0.000420725
1026,0.00212359
1027,0.00871063
1028,0.0150021
1029,0.0127542
1031,0.00270418
1032,0.00744502
1033,0.321818
1034,0.0170899
1035,0.00166388
1036,0.00788269
1037,0.00296364
1039,0.0192745
1040,0.0614354
1042,0.549503
1043,0.891159
1045,0.187216
1046,0.954789
1047,0.625294
1048,0.907827
1049,0.00041326
1050,0.00528437
1051,0.930147
1052,0.0734629
1053,0.00313322
1054,0.00093967
1055,0.000793084
1056,0.0132834
1057,0.00127216
1059,0.108449
1060,0.747871
1061,0.000307073
1062,0.0043585
1063,0.00226289
1064,0.00290541
1065,1
1066,0.0617808
1067,0.734928
1068,1
1069,1
1071,0.000530226
1072,0.0057212
1073,0.000443397
1074,0.00241996
1075,0.00140695
1076,0.0352839
1077,0.0114238
1078,0.40623
1079,0.0308622
1080,0.0757241
1081,0.129687
1082,0.0411462
1083,0.114819
1085,0.0932002
1086,0.965936
1087,0.967114
1088,0.945448
1089,0.967998
1091,0.00611393
1092,0.00372762
1093,0.0109837
1094,0.0341969
1096,0.0111863
1098,0.0606986
1100,0.105143
1101,0.138311
1102,0.939675
1103,0.00107691
1104,0.000482878
1105,0.0330743
1107,0.108094
1109,0.0145886
1110,0.789744
1111,1
1112,0.902467
1113,1
1114,0.00183624
1115,0.000511903
1116,1
1118,0.0154497
1119,0.690082
1120,0.0409932
1121,0.0334527
1122,0.172135
1123,1
1124,0.00107266
1125,0.00037317
1126,0.000705761
1127,0.01242
1128,0.978815
1129,0.952329
1130,0.0113932
1131,0.0128417
1132,0.0115123
1133,0.00133156
1134,0.0398195
1135,0.00558883
1136,0.00011841
1137,0.00917064
1138,0.000905371
1139,0.000794567
1140,0
1141,0.0289387
1142,0.00761119
1143,0.994586
1144,0.0375205
1145,0.000681198
1146,0.912244
1147,0.0201512
1148,0.894532
1149,0.4757
1150,0.136893
1151,0.553917
1152,0.110177
1155,0.282787
1158,1
1159,0.944637
1160,0.76716
1161,0.944932
1163,0.00378589
1164,0.936719
1165,0.00653706
1166,0.0070994
1167,0.0264114
1169,0.0289021
1170,0.0436094
1171,0.0937556
1173,0.716964
1174,0.012926
1176,0.0836921
1177,0.032713
1178,1
1179,0.061733
1180,0.0550425
1182,0.0110549
1183,0.013111
1184,0.0414765
1185,0.0262246
1186,0.00516761
1187,0.98282
1188,0.0602486
1189,0.000357479
1190,0.000473535
1191,0.0137544
1192,0.00471986
1193,0.00399687
1194,0.0134513
1195,0.00364307
1196,0.00548673
1197,0.0309389
1199,0.0729411
1200,0.984825
1201,0.99
1202,0.00434152
1203,0.00025952
1204,1
1206,0.0268895
1207,0.108423
1209,0.0374322
1210,0.546242
1211,0.0613498
1212,0.000183884
1213,0.0027436
1214,0.00133726
1216,1
1218,1
1219,0.00162997
1220,0.0547294
1221,0.0171768
1223,0.00411106
1224,0.00246412
1225,0.00755756
1226,0.00942665
1229,0.00571006
1230,0.142692
1231,0.983984
1232,0.944196
1233,0.00793274
1234,0.00129193
1235,0.0139853
1236,0.28687
1237,0.0224654
1238,0.142497
1239,0.915517
1241,0.00135759
1242,0.9602
1243,0.00845465
1245,0.0266111
1246,0.880339
1247,0.103244
1248,0.121337
1249,0.0994689
1250,0.0196757
1252,0.00804632
1253,0.00970974
1254,0.00688994
1255,0.0408488
1256,0.0126569
1257,0.00962994
1258,0.0139977
1259,0.0107451
1260,0.0116212
1261,1
1262,0.0455915
1263,0.506714
1265,0.0609595
1266,0.00596058
1267,0.00957953
1268,0.0652736
1269,0.00466368
1270,0.0824503
1271,0.0238182
1274,0.0924764
1275,0.00134463
1277,0.00661826
1278,0.00293671
1279,0.0100273
1280,0.00548544
1281,0.0135313
1283,0.00229706
1284,0.00106719
1285,0.0265277
1286,0.0299197
1287,0.0139519
1289,0.0507741
1290,0.467104
1291,1
1292,0.949982
1293,0.0587634
1294,0.0090018
1295,0.00285025
1296,0.0336554
1297,0.0345491
1298,0.0740879
1299,0.00266402
1300,0.007931
1301,0.00860237
1302,0.0454654
1303,0.164099
1304,0.984111
1305,0.941824
1306,0.032441
1307,0.0471391
1308,0.038702
1310,0.0757909
1311,0.07757
1312,0.0480398
1313,0.690378
1315,0.962218
1317,0.925375
1319,1
1321,0.783113
1322,0.225772
1323,0.489853
1324,6.64937e-05
1325,1
1326,1
1327,0.016166
1328,0.0187184
1330,0.473869
1331,0.0108203
1332,0.0164526
1333,0.0251969
1334,0.00576736
1335,0.00970111
1336,0.0195147
1337,0.103091
1338,0.00310304
1339,0.00366499
1340,0.10447
1341,0.0283859
1342,0.49216
1343,0.0376719
1344,0.183583
1345,0.00538227
1346,0.00331122
1347,0.0160558
1348,0.00633134
1349,0.0637139
1350,0.0109387
1351,0.0115214
1352,0.0913973
1355,0.0192046
1356,0.0252944
1357,0.111453
1358,0.00575768
1360,0.928352
1361,0.968991
1364,0.0391562
1365,0.00331279
1367,0.00436468
1368,0.0065032
1370,0.00252403
1371,0.00079537
1372,0.0163545
1374,0.0541802
1376,1
1377,0.00121794
1378,0.018753
1379,0.0242222
1380,0.0128675
1381,0.00487065
1382,0.0238828
1384,0.00266717
1385,0.388572
1386,0.00437444
1387,0.000728938
1388,0.0108252
1389,0.0982097
1390,0.00442223
1391,0.135218
1392,0.00641166
1393,1
1394,0.0100243
1395,0.00131436
1396,0.0296005
1397,0.0947324
1398,0.12767
1399,0.968445
1400,1
1401,0.194253
1403,1
1404,0.00522584
1405,0.000668095
1406,0.548534
1407,0.0174029
1409,0.0628227
1410,0.750343
1411,0.0469474
1412,0.0133881
1413,1
1415,0.000595132
1416,0.00149789
1417,0.009434
1419,0.0373837
1421,0.509028
1422,0.0217519
1424,0.0105252
1426,0.286155
1427,1
1428,0.00478881
1429,0.0066983
1431,0.0233551
1434,0.032393
1436,0.928215
1437,0.141012
1438,0.0168628
1439,0.013759
1440,0.010348
1442,1
1443,0.0149835
1444,0.0248787
1445,0.0358741
1446,0.0139408
1447,0.010706
1448,0.00128094
1449,0.0303831
1450,0.997675
1451,0.0736741
1452,0.636758
1454,0.986977
1455,0.974972
1456,0.805355
1458,0.878924
1459,0.00384734
1460,0.0187724
1461,0.0682226
1462,0.215562
1463,0.239285
1464,0.991528
1465,0.0460976
1466,0.964876
1467,0.13948
1470,0.987639
1471,0.00490733
1472,0.96664
1473,0.0157053
1474,0.00686111
1475,0.0309909
1476,0.00326522
1477,0.0119623
1478,0.0035948
1479,0.00442978
1480,0.0115785
1481,0.0746156
1483,0.0188108
1484,0.0107119
1485,0.00778392
1486,0.000878693
1487,0.0071934
1488,0.0209505
1489,0.0440569
1490,0.025611
1492,0.00153199
1493,0.00240901
1494,0.0023731
1495,0.020694
1496,0.00625269
1497,0.00324865
1498,0.744496
1499,0.0151312
1501,0.0629829
1502,0.0288375
1503,0.00101253
1504,0.173762
1505,0.0117156
1506,0.0970991
1507,0.0225901
1508,0.0747134
1510,0.0254624
1511,0.00406557
1512,0.0046522
1513,0.0142849
1514,0.0165521
1515,0.0331663
1516,0.0401713
1517,0.0326893
1518,0.742159
1520,1
1521,0.186008
1522,0.00516067
1523,0.00223247
1524,0.00176699
1525,0.0193957
1526,0.0399727
1527,0.990991
1528,0.00299993
1529,0.000504551
1530,0
1531,0.000883965
1532,1
1534,0.39011
1535,0.0151682
1536,0.835919
1537,0.0536985
1538,0.0873116
1539,0.675837
1541,0.00713701
1542,0.928877
1543,0.0116468
1544,0.000355637
1545,0.0848158
1546,0.0167665
1547,0.0461807
1549,0.000148574
1550,0.000855203
1551,1
1552,0
1553,0.00284521
1557,0.00152657
1558,0.00280431
1559,0.00359909
1560,0.00272598
1561,0.0049613
1562,0.0825589
1564,0.00161847
1565,0.000485671
1566,0.000739343
1567,0.025054
1568,0.995076
1569,0.880631
1570,0.0584946
1572,0.784874
1573,0.00227953
1574,0.00457581
1575,0.00120004
1576,1
1577,0.00302237
1578,0.0005308
1580,0.0190438
1582,0.337745
1583,0.00170932
1584,0.00472595
1585,0.00884264
1586,0.00152838
1588,0.00974206
1590,0.0081176
1591,0.011123
1592,0.00609292
1593,0.0306024
1594,0.98321
1595,1
1597,0.000119661
1598,0.00087325
1599,0.0112983
1600,0
1601,0.0103864
1603,0.00320567
1604,0.000281759
1605,0.450139
1607,0.00406973
1610,0.0100949
1612,0.661038
1613,0.00150395
1614,0.0585279
1615,0.877558
1616,0.000320799
1617,0.00146098
1618,0.00157989
1619,0.00488432
1620,0.00902616
1622,0.358717
1623,0.893168
1624,0.000334237
1625,0.00180101
1626,0.00916328
1627,0.0109527
1628,0.00477703
1629,0.059958
1630,0.210552
1631,0.540823
1633,0.000217125
1634,0.0645764
1635,0.0012296
1636,0.0252017
1637,0.0248922
1638,0.0278178
1639,0.000168655
1640,0.000366897
1641,0.00256308
1642,0.00308066
1643,0.000341087
1644,0.00810348
1645,0.00398675
1646,0.000679957
1647,8.64449e-05
1648,0.00560028
1649,0.00363712
1650,0.00688312
1651,0.0164222
1653,0.0178471
1655,0.130581
1656,0.0179669
1657,0.0179794
1658,0.0125591
1659,0.0148753
1660,0.00544451
1661,0.00320141
1662,0.030842
1663,0.792775
1664,0.00944019
1665,0.0467601
1666,0.0042966
1667,0
1668,0.00129889
1669,0
1670,0.0176075
1671,0.0185349
1672,0.259649
1673,0.0383407
1675,0.871156
1676,0.0352539
1677,0.126177
1678,0.150486
1679,0.0204108
1680,0.0120996
1681,0.0971827
1682,0.00916319
1683,0.0322269
1684,0.0698553
1685,0.000361334
1686,0.00184122
1687,0.0195475
1688,0.00923804
1689,0.0285389
1690,0.0495926
1692,0.0149741
1694,1
1695,0.0226957
1696,0.282629
1697,0.995202
1699,0.994385
1701,0.988319
1702,0.00332373
1703,0.0422847
1705,0.00115609
1707,0.00661731
1709,0.990081
1710,0.000265189
1711,0.00477992
1712,0.0324922
1713,0.883268
1714,0.0115247
1715,0.020366
1716,0.963111
1717,0.00237333
1718,0.00100885
1719,0.00384871
1720,0.00650792
1721,0.0135302
1723,0.946092
1724,0.00371044
1726,0.0070914
1729,0.0642183
1730,0.00385781
1732,0.0843076
1733,0.0639603
1735,0.00987876
1736,1
1737,0.0153611
1738,0.0026854
1740,0.180486
1741,0.0865832
1742,0.434839
1743,0.00836772
1744,0.048686
1745,0.0283226
1746,0.00928249
1747,0.00653191
1749,0.988391
1750,0.652871
1751,0.000952834
1752,0.0136285
1753,0.00113097
1754,0.0370404
1756,0.104181
1757,0.0221961
1758,0.319091
1759,0.256751
1760,0.10666
1762,0.0145777
1763,0.0793301
1764,0.0259264
1765,0.122487
1766,0.797723
1767,0.983575
1769,0.00028346
1770,0.000143802
1771,0.000327481
1772,0.489945
1774,0.030981
1775,0.020404
1776,0.00331422
1777,0.00406909
1778,0.00121287
1779,1
1780,0.0850872
1781,0.99018
1782,0.960211
1785,0.983375
1786,0.969693
1787,0.00120598
1788,0.0143876
1789,0.00490897
1790,0.00825725
1791,0.00781238
1792,1
1793,0.00411881
1794,1
1795,0.844447
1797,0.208165
1798,0.386676
1799,0.26791
1800,0.000534078
1801,0
1802,0.0466982
1803,0.0153144
1806,0.00277798
1807,0.0148859
1808,0.0282676
1809,0.041554
1810,0.00466953
1811,1
1812,0.018738
1813,0.051114
1815,0.166989
1816,1
1817,0.967624
1818,1
1820,0.0170121
1821,0.0808124
1822,0.00469066
1823,0.745299
1824,0.022742
1825,0.00123004
1826,0.000950853
1827,0.000642168
1828,0.00149649
1829,0.00772991
1830,0.000406111
1831,0.0140594
1832,0.814903
1834,0.0539
1835,0.0222059
1836,0.0140055
1840,0.00488453
1842,0.413524
1845,0.864732
1846,0.644649
1847,0.00517985
1848,0.0135825
1850,0.113078
1851,0.114491
1852,0.0892724
1853,0.43379
1854,0.162986
1856,1
1857,0.932561
1859,0.843352
1862,0.995046
1863,1
1864,0.00363977
1865,0.0616796
1866,0.0119962
1867,0.00339415
1868,0.00781881
1869,0.023108
1870,0.0136454
1871,1
1872,0.000183994
1873,0.000338521
1874,0.00939919
1875,0
1876,0.00782389
1877,0.00263652
1878,0.009331
1879,0.005212
1880,0
1881,0.00303843
1882,0.00139435
1884,0.00129687
1885,0.00239748
1886,0.000485252
1887,0.0269685
1888,0.0312111
1889,0.0206544
1890,0.901956
1891,0.0658573
1892,0.0298553
1893,0.0205121
1894,0.105683
1895,0.0570234
1896,0.15058
1897,0.0584921
1898,0.618812
1899,0.986447
1901,0.912644
1902,0.00700457
1903,0.00317768
1904,0.000524207
1905,0.00605481
1906,0.00285161
1907,0.0147009
1908,0.000761128
1911,0.0013454
1912,0.0088584
1913,0.805508
1914,0.00149116
1915,0.00370641
1916,0.00104883
1918,0.00959878
1919,0.0462718
1920,0.00672565
1921,0.0171727
1922,0.0481442
1924,0.000491084
1925,0.00101886
1926,0.00321778
1927,0.00522585
1928,0.00856975
1929,0.0398761
1930,0.00162515
1931,0.00135926
1933,0.000203887
1934,0.00362907
1935,0.0271137
1936,0.0167648
1937,0.00522496
1938,0.00208358
1939,0.0639229
1940,0.00778337
1941,0.00167478
1943,0.0276679
1944,0.0104955
1945,0.0533259
1947,0.000682334
1948,0.00696731
1949,0.00656167
1950,0.0515958
1951,0.0567884
1952,0.0103702
1954,4.37243e-05
1956,0.000783195
1957,0.909726
1958,0.0122925
1959,0.00355795
1960,1
1961,0.38039
1962,0.000158928
1963,0.0193211
1964,0.0151707
1967,0.000853728
1968,0.00178401
1969,0.0160438
1970,0.178957
1971,0.0377307
1972,0.00520283
1973,0.994238
1974,0.048243
1976,0.00265869
1977,0.794742
1978,0.00131146
1979,0.000425294
1980,0.0954113
1981,0.0046111
1982,0.00315745
1983,0.00113722
1984,0.0130261
1985,0.0118361
1986,0.0306943
1987,0.945609
1988,0.915275
1989,0.779842
1990,0.917293
1991,0.16118
1992,0.00170606
1993,0.0569869
1994,0.0356041
1995,0.0110835
1997,0.105648
2000,1
2001,0.00179562
2002,0.00116651
2003,0.00941069
2004,0.00988127
2005,0.00365344
2006,0.0185515
2007,1
2010,0.0134344
2012,0.023102
2013,0.0659607
2014,0.0894378
2015,0.0174956
2016,0.21357
2017,0.141614
2018,0.104919
2019,0.0728936
2020,0.0192642
2021,0.00696533
2023,0.0800627
2024,0.866889
2025,0.927272
2027,0.432966
2028,0.917821
2031,1
2032,0.0218988
2033,0.00451569
2034,0.158333
2035,0.00369006
2037,0.00926328
2038,0.0257224
2039,0.640586
2040,0.775581
2041,0.0278131
2042,0.00573964
2045,0.0330637
2046,0.00322673
2047,0.00893552
2049,0.00112833
2050,0.00627528
2051,0.133797
2052,0.0942662
2053,0.00206953
2054,0.0124535
2055,0.00312473
2056,0.0341052
2057,0.00302737
2058,1
2061,0.864789
2063,1
2064,0.998997
2066,0.00659286
2067,1
2068,0.00712966
2069,0.0196724
2072,0.00158079
2073,1
2075,0.0331353
2076,0.00738569
2077,0.14772
2078,0.189228
2079,0.00958898
2081,0.644218
2082,0.0228517
2083,0.0361979
2084,0.0369395
2085,0.036152
2086,0.000646169
2087,0.0293477
2089,0.00622138
2090,0.0455493
2091,0.0177552
2093,0.0821129
2094,0.949878
2095,0.0243949
2097,0.875051
2098,0.836574
2100,1
2101,0.72712
2102,0.0297166
2103,0.00538006
2104,0.0282007
2105,0.0400598
2106,0.0401959
2108,0.982758
2109,0.082251
2110,1
2113,0.83047
2114,1
2115,1
2117,0.980837
2118,0.0024463
2119,0.000373813
2120,0.000682065
2121,0.00377498
2123,0.00519909
2124,0.419002
2125,0.200688
2126,0.0193465
2127,0.000736212
2128,0
2130,0
2131,0.00104773
2132,0.00191736
2133,0.15845
2134,0.00587754
2135,0.0472127
2137,0.129311
2138,0.0410562
2139,0.0135623
2140,0.0188048
2141,0.573587
2142,0.00325798
2143,0.00659631
2144,0.13512
2146,0.0374042
2147,0.00290496
2148,0.00256674
2149,0.0428329
2151,0.0222969
2152,1
2153,0.0277238
2154,0.210365
2155,0.00189849
2156,0.0470772
2157,0.803421
2158,0.831914
2159,0.00905817
2160,0.112117
2161,0.954094
2162,0.0122117
2163,0.00628261
2164,0.00598992
2165,0.0129016
2166,0.0207889
2167,0.0305656
2168,0.00184799
2169,0
2170,0.00494835
2171,0.00608661
2175,0.00417112
2176,0.000131295
2177,0.00256111
2178,0.0865484
2179,0.0137834
2181,0.100731
2182,0.0877283
2183,0.0506159
2184,0.804599
2185,0.862282
2186,0.997071
2187,0.62195
2188,0.00210787
2189,0.00384279
2192,0.957678
2193,0.015124
2194,0.119517
2195,1
2196,0.0120134
2197,0.865123
2198,0.0209374
2199,0.036913
2200,0.000735833
2201,0.0111065
2202,0.00851797
2205,0.847369
2206,0.985689
2208,0.00176109
2209,0.00662326
2210,0.00453395
2211,0.0222227
2212,0.0473093
2213,0.0100773
2214,0.0971358
2215,0.109301
2216,0.0131304
2217,0.922268
2218,0.96115
2219,0.765658
2220,0.144208
2221,0.993782
2222,0.0155875
2223,0.100855
2224,0.136216
2225,0.00766831
2226,0.948624
2227,0.988318
2229,0.0210204
2230,0.742597
2231,0.00906634
2232,0.0319666
2233,0.0124071
2234,0.00761262
2235,0.121813
2236,0.905776
2237,0.230254
2238,0.2239
2239,0.0662611
2240,0.00180527
2241,0.00175005
2242,0.00641636
2243,0.010192
2244,0.0426234
2245,0.0778378
2246,0.117913
2249,0.00670507
2250,0.0012096
2251,0.0180102
2252,0.000558207
2253,1
2254,0.000317661
2255,0.0036002
2256,0.93909
2258,0.00748284
2259,0.00569049
2260,0.0330308
2261,0.0109501
2262,0.00987393
2263,0.0232279
2264,0.828551
2266,0.622454
2267,0.830025
2268,0.00870932
2269,0.0215085
2270,0.0146611
2271,0.01365
2272,0.0134533
2273,0.0189753
2275,0.96302
2276,0.0183637
2277,0.0142785
2278,0.034902
2279,1
2280,1
2281,0.00235151
2282,0.0105381
2283,0.000739992
2284,0.00224103
2285,0.00637797
2287,0.00182943
2288,0.000684659
2289,0.00192435
2290,0.943187
2291,0.0869607
2294,0.963098
2295,0.95597
2297,0.273443
2298,0.255531
2299,0.994678
2300,1
2301,0.0475817
2302,1
2303,0.0256067
2304,0.98759
2305,0.00439391
2306,0.928254
2308,0.997648
2311,0.888366
2312,1
2313,0.994777
2314,0.87234
2316,0.993358
2317,1
2318,0.219298
2320,0.933493
2321,0.948478
2323,0.00179886
2325,0.00550317
2326,0.0216167
2327,0.0610885
2329,0.0370427
2330,0.00171059
2331,0.00789531
2332,0.0122598
2333,0.987907
2334,0.0266727
2335,0.0054938
2336,0.299036
2337,0.000263041
2338,0.000136269
2339,0.00487034
2341,0.073412
2343,0.188051
2344,0.860855
2345,0.834502
2346,0.898658
2347,0.612745
2348,0.0123086
2349,0.0129795
2350,0.0453504
2351,0.0249955
2352,0.969395
2353,0.95952
2355,0.898254
2356,0.0163725
2357,0.00223966
2359,0.606021
2360,0.00613094
2361,0.0187743
2362,0.0342172
2364,0.00143831
2365,0.000958394
2367,0.000290104
2368,0.00325505
2369,0.00467274
2370,0.0386761
2371,0.00160781
2372,0.019651
2373,0.0345281
2374,0.00239497
2375,0.00890631
2376,0.0384127
2377,0.0156309
2378,0.0178129
2379,0.0186755
2380,0.997548
2381,0.0270405
2382,0.735347
2384,0.0265575
2386,0.00126263
2387,0.0129343
2388,0.0225945
2389,0.0835914
2390,0.000664103
2391,0.852281
2392,0.00799419
2393,0.00705549
2394,0.0146658
2395,0.00825939
2396,0.0196012
2397,0.0439661
2398,0.0420791
2399,0.092575
2400,0.475731
2401,0.116977
2402,0.00132279
2403,0.000917595
2404,0.0128651
2405,0.921905
2406,0.0698756
2407,0.0440465
2408,0.0154411
2409,0.00747588
2410,0.000504889
2411,0.0180769
2412,0.000759683
2413,0.00561061
2414,0.0386235
2415,0.0739688
2418,0.977931
2419,0.984093
2420,0.993683
2421,0.00501562
2422,0.000383676
2423,0
2424,0.0114555
2425,0.00306873
2426,0.00893713
2428,0.0507391
2430,0.0115241
2432,0.000897267
2433,0.00122276
2434,0.0300662
2435,0.0308795
2436,0.00460871
2437,0.0167117
2438,0.0389486
2439,0.945049
2440,0.0560918
2442,0.00340351
2443,0.0039712
2444,0.01268
2445,0.0234922
2446,0.0403142
2447,0.0362601
2448,0.919737
2449,0.0232222
2452,0.0369463
2453,0.000925249
2454,0.911266
2455,0.00576457
2456,0.00447979
2459,0.0365138
2460,0.0549168
2461,0.0115371
2462,0.000474112
2463,0.0310462
2464,0.0202345
2465,0.333881
2467,0.130054
2468,0.985738
2470,0.0133209
2471,0.00107235
2472,0.0204146
2473,0.0507539
2474,0.0483262
2475,0.11021
2476,0.000839172
2478,0.00275715
2479,0.00332228
2480,0.000864145
2481,0.0266351
2482,1
2483,0.0353061
2485,0.929548
2486,0.0663218
2488,0.0278257
2489,0.0244267
2490,1
2492,0.0018648
2493,0.00159424
2494,0.00963504
2497,0.0193882
2498,0.0110006
2501,0.000442739
2502,0.00977542
2503,0.00719254
2504,0.934511
2505,0.00210618
2506,0.120543
2507,0.138295
2508,0.202484
2509,0.308129
2511,0.00287989
2512,0.011544
2514,0.0178425
2515,0.272601
2516,0.268238
2517,0.99404
2518,0.0124875
2519,0.00771059
2520,0.00168502
2521,0.00914982
2522,0.200872
2523,0.0869591
2525,0.189369
2526,0.0284736
2527,0.00504426
2528,0.710391
2529,0.032166
2530,0.00596067
2531,0.00736464
2533,0.931626
2536,0.00231713
2539,0.0452883
2540,0.00584309
2541,0.00843434
2542,0.048299
2543,0.0335633
2544,0.0787446
2545,0.0421483
2546,0.0553287
2547,0.0116978
2548,0.0224314
2549,0.978741
2551,0.414513
2552,0.249213
2553,0.952809
2554,0.000314607
2555,0.00110375
2556,0.00815418
2557,0.0398832
2559,0.0186083
2560,0.00295961
2561,0.00641039
2564,0.00161886
2565,0.0125203
2566,1
2567,0.0019846
2568,0.00728206
2569,0.179027
2570,0.00329037
2573,0.0105452
2574,0.00652205
2575,0.0158822
2576,0.0294266
2577,0.114347
2580,0.0221391
2581,0.00674787
2582,0
2583,0.0736783
2584,0.0746088
2585,0.0152613
2586,0.0913772
2587,0.000182426
2588,0.00127759
2589,1
2590,0.00866168
2591,0.21812
2592,0.935403
2593,0.995201
2594,1
2595,0.976678
2596,0.00243041
2597,0.00538084
2598,0.000678238
2599,0.0890155
2600,0.0231146
2601,0.142293
2602,0.258335
2603,0.177419
2604,0.561646
2605,0.0110511
2606,0.00235088
2607,0.697016
2608,0.0169424
2609,0.147798
2610,0.919637
2611,0.00902111
2613,0.00269069
2614,0.024105
2615,0.0294656
2616,0.0232192
2617,0.0206803
2618,0.0258284
2619,0.119199
2620,0.00344695
2621,0.00171686
2623,0.000805222
2624,0.0474696
2626,1
2627,0.0332243
2628,0.0021826
2629,0.854498
2630,0.00423611
2631,0.00193911
2633,0.0266034
2634,1
2636,0.38358
2637,0.0889546
2640,0.0800999
2641,0.081169
2642,0.972444
2643,0.632164
2644,0.000154149
2645,0.00734401
2646,0.0012279
2647,0.00197492
2650,0.00602416
2651,0.00707303
2652,0.00133452
2655,0.000700123
2656,0.0374984
2657,0.0043131
2658,0.00458776
2659,0.0012724
2660,0.716733
2661,0.980404
2663,0.865457
2665,0.00173745
2666,0.00288531
2667,0.0959199
2668,0.0181129
2669,0.0137665
2670,0.0475877
2671,0.0850229
2672,0.152338
2673,0.000470882
2674,9.8714e-05
2675,0.00266477
2676,0.00340896
2677,0.0151532
2678,0
2680,0.00505248
2681,0.0259031
2682,0.00972306
2683,0.00315294
2684,0.0135889
2685,0.0207598
2686,0.133561
2689,0.02892
2690,0.0833349
2691,0.00138902
2692,0.0541464
2693,0.0604039
2694,0.00119973
2695,0.010031
2696,0.00407275
2697,0.0358142
2698,0.00273046
2699,0.00431886
2700,0.0164706
2701,0.000537082
2702,0.0041839
2703,0.00346682
2704,0.017786
2705,0.0215429
2706,0.996818
2707,0.123957
2708,0.421307
2709,0.153676
2710,0.00331471
2712,0.0487637
2713,0.0201878
2717,0.0175055
2718,0.202243
2719,0.989367
2720,1
2722,0.846526
2724,1
2725,0.00113244
2726,0.00644675
2727,0.0217775
2728,0.00501079
2729,0.227373
2730,0.0719971
2731,0.0343166
2732,0.128466
2733,0.973275
2734,0.000490978
2735,0.00929311
2736,0.0033007
2737,0.0148935
2738,0.000211557
2739,0.000752923
2740,0.00277566
2741,0.0143821
2742,0.0518058
2743,0.024175
2744,0.193111
2746,0.000393585
2747,0.00569356
2748,0.00177194
2749,0.00760004
2750,0.0161051
2754,0.00624828
2755,0.993482
2756,0.000899166
2757,0.00229263
2759,0.00967053
2760,0.00111104
2761,0.038282
2762,0.719271
2763,0.00422385
2764,0.674038
2766,0.152675
2767,0.0107339
2768,0.00682091
2769,0.013106
2770,0.0113283
2771,0.0253183
2772,1
2773,1
2774,1
2775,1
2776,0.00207498
2777,0.00287306
2778,0.0133559
2779,0.00829296
2780,0.169907
2781,0.00466068
2782,0.00852124
2783,0.0676937
2784,0.016662
2785,0.0502018
2786,0.110499
2787,0.0537288
2788,0.992482
2789,0.0444524
2790,0.206268
2791,0.00083123
2793,0.851051
2794,0.0459443
2795,0.0216025
2796,0.0147916
2797,0.154316
2800,0.0120328
2801,0.09976
2802,7.46185e-05
2803,0.132858
2804,0.573955
2806,0.00479721
2808,0.108843
2809,0.00343533
2810,0.868819
2811,0.00074038
2812,0.0391762
2813,0.0134757
2815,0.0173703
2817,8.59581e-05
2818,1
2819,0.00102586
2820,0.0208821
2821,0.00148999
2822,0.0003762
2823,0.0112283
2824,0.00173591
2825,1
2826,0.00230234
2827,0.0130896
2828,0.100719
2830,0.0152683
2831,0.0219233
2832,0.00177277
2833,0.0398574
2834,0.00719087
2835,1
2836,0.0105881
2837,0.0102141
2838,0.0733701
2839,1
2840,0.00124992
2841,1
2842,1
2843,0.985035
2844,0.0339418
2846,0.870373
2847,0.0398907
2848,0.00217116
2849,0.00768482
2850,0.1574
2851,0.0105172
2852,0.981208
2853,0.020324
2854,0.869676
2855,0.00552918
2856,0.00272641
2857,0.00848284
2858,0.026395
2860,0.0688535
2861,0.907419
2862,0.0707062
2863,1
2864,0.935019
2866,0.905977
2868,0.00192571
2869,0.00587064
2870,0.013917
2871,0.00172823
2872,1
2873,0.993525
2874,0.0486843
2875,1
2876,1
2877,0.95186
2878,0.00764595
2879,0.991417
2880,1
2881,0.0114977
2882,0.0037704
2883,0.000947188
2884,0.0105411
2886,1
2887,0.00439587
2888,0.00436233
2889,0.00543721
2890,0.0942236
2891,0.105921
2892,0.000803645
2893,0.00684757
2894,0.00304047
2895,0.0247873
2896,0.00232414
2897,0.00835061
2898,0.0483619
2899,0.0742783
2900,0.065339
2901,0.0278921
2902,0.0136344
2903,0.02602
2904,0.0112093
2905,1
2907,0.0567515
2909,1
2911,0.0112785
2912,0.00290848
2913,0.599731
2914,0.0319437
2915,0.0198439
2916,0.0367792
2917,1
2918,1
2919,1
2920,0.613277
2921,0.782445
2922,0.00611838
2923,0.0192832
2924,0.0303532
2925,0.0673171
2926,0.0639026
2927,0.0773032
2928,0.118671
2929,0.389087
2930,0.35038
2931,0.897669
2934,0.802274
2935,2.08491e-05
2936,0.000392278
2937,0.657096
2938,0.000989818
2939,0.0051501
2940,0.0335609
2941,0.00408443
2942,0.000342196
2943,0.931464
2944,0.00825113
2947,0.0190727
2948,0.0864369
2949,0.932862
2950,0.0363727
2951,0.0111992
2952,0.00783352
2953,0.0320129
2954,0.0247567
2955,0.0145704
2956,0.00733951
2957,0.000955607
2958,0.000969017
2959,1
2960,1
2961,0.013517
2962,0.0884864
2964,0.00284139
2965,1
2966,1
2967,0.00224886
2970,0.000833362
2971,0.686704
2972,0.0259845
2973,0.00277715
2974,1
2975,0.0220896
2976,0.126617
2977,0.0259615
2978,0.0243761
2979,0.026135
2980,1
2981,0.181069
2982,0.0396784
2983,0.0783457
2984,0.00103596
2985,0.94627
2986,0.0161428
2989,0.149849
2990,0.97783
2991,0.0024364
2992,0.000836127
2993,0.00255745
2994,0.0034853
2995,0.00196807
2996,0.041846
2997,0.153394
2998,0.000651503
2999,0.00802612
3000,0.000876063
3001,1
3002,0.00153852
3003,0.0329437
3005,0.969963
3006,0.00840596
3007,0.00189408
3008,0.0028989
3009,0.00973319
3010,0.0201626
3011,0.00891238
3012,0.0213764
3013,0.00664714
3014,0.263524
3015,0.0106242
3016,0.00485661
3017,0.0913021
3018,0
3020,0.0142426
3021,0.0148675
3022,0.964334
3023,0.00435866
3024,0.982116
3025,0.0289422
3026,0.995204
3027,0.326056
3028,0.351181
3029,0.97376
3030,0.966066
3032,0.363161
3033,0.0106432
3034,0.028851
3035,0.0201666
3036,0.0187252
3037,0.0226556
3038,0.0907882
3039,0.0175201
3040,0.00953137
3041,0.0106447
3042,0.00443566
3043,0.0083788
3044,0.0725338
3045,0.0354636
3046,0.880553
3048,0.981933
3049,0.98103
3050,0.429623
3051,1.30232e-05
3052,0.0002124
3053,0.000548949
3054,0.838923
3055,0.00415358
3056,0.00997116
3057,0.000910699
3058,0.00191141
3059,0.0372021
3060,0.535286
3061,0.921855
3062,0.0201813
3064,0.97526
3065,0.400838
3066,0.0153761
3067,1
3068,0.999587
3070,0.00402046
3071,0.00651223
3072,0.995896
3074,1
3076,1
3078,1
3080,1
3081,1
3082,0.23316
3083,1
3084,0.03454
3085,0.0402876
3086,0.0123042
3087,0.527188
3089,1
3090,1
3091,0.000258082
3092,0.00244639
3095,0.0205191
3096,0.000980186
3097,0.000632435
3098,0.00141576
3099,0.781731
3100,0.0116842
3101,0.00105926
3102,0.00269175
3103,0.0014697
3105,0.0847548
3106,0.000647559
3107,0.00124485
3109,0.00164585
3110,0.00789351
3111,0.00218771
3113,0.0322691
3114,0.00199572
3115,0.0322806
3116,0.00274591
3117,0.0249434
3119,0.90232
3120,0.105361
3121,0.00335865
3122,0.991241
3123,0.0107701
3124,0.0050041
3126,0.41123
3127,0.0547482
3128,0.101561
3130,0.0264237
3131,0.0774459
3132,0.0635261
3133,0.173135
3134,0.00231797
3135,0.473246
3136,0.000345392
3137,0.00730969
3138,0.977208
3139,0.00511379
3141,0.00210841
3142,0.000706479
3144,0.0227467
3145,0.00377921
3146,0.00553966
3147,0.0173462
3148,0.0124301
3149,0.0661747
3150,0.0122419
3151,0.00882199
3152,0.0490192
3153,0.00989086
3154,0.0561209
3155,0.0417123
3156,0.00301336
3157,0.0403933
3158,0.00555536
3159,0.0024778
3160,0.0334896
3161,0.0101468
3162,0.0741375
3163,0.0367396
3164,0.0261903
3165,0.00302012
3166,0.00146177
3167,0.00221564
3168,0.0116507
3169,0.946039
3171,0.0193636
3172,0.230937
3173,0.270351
3174,0.00144391
3177,0.0157088
3178,0.148551
3179,0.00662222
3182,0.00367435
3183,0.0292703
3184,0.0151737
3187,0.99612
3188,0.00370257
3189,0.0111948
3190,0.00806277
3191,0.968332
3192,0.00313094
3193,0.048861
3194,0.0623123
3195,0.990809
3197,0.070747
3199,0.301702
3200,1
3201,0.000140601
3202,0.0101932
3203,0.000317757
3204,0.00752626
3205,0.0285668
3206,0.128189
3207,0.00524102
3208,0.010447
3209,0.0134802
3210,0.227977
3211,0.242965
3212,0.000505503
3213,1
3214,0.00204432
3215,0.025922
3216,0.0596733
3218,0.0170592
3219,0.00512565
3220,0.00455913
3221,0.00466586
3222,0.00678076
3223,0.00615614
3224,0.00190013
3225,0.0407839
3226,0.0334934
3227,0.0320096
3228,0.659527
3229,0.0806137
3230,0.906592
3231,0.0403801
3233,0.000939979
3234,0.00981611
3235,0.00521668
3238,0.00352029
3239,0.00198768
3240,0.00393528
3241,0.00828243
3242,0.0662422
3243,0.0071468
3244,0.273047
3245,0.0103419
3246,0.00511505
3247,0.0521076
3248,0.0468392
3249,0.0946295
3250,0.00587023
3251,0.000519445
3252,4.06873e-05
3253,0.000140025
3254,6.73798e-05
3255,0.000579337
3256,0.000159198
3257,0.00775105
3258,0.000323859
3260,0.00543959
3262,0.106633
3263,0.0530077
3264,0.315233
3265,0.966097
3266,0.994201
3267,0.975662
3268,0.0459994
3269,0.00375187
3270,0.0197397
3271,0.00279442
3272,0.0594514
3273,0.0289287
3275,0.00292083
3276,0.0175402
3278,0.0116144
3279,0.0219954
3280,0.913826
3282,0.00585017
3283,0.00060029
3284,0
3287,0.00298686
3288,0.0211073
3289,0.00638363
3290,0.00778082
3292,0.00916403
3293,0.00967811
3294,0.173692
3295,0.0307389
3296,0.00193014
3297,0.0274024
3298,0.00429171
3299,0.00531009
3300,0.251209
3301,0.00319077
3302,0.00586446
3303,0.0342301
3304,0.00803156
3305,0.0214695
3306,0.302172
3307,0.0985098
3308,0.0115422
3310,0.0489434
3311,0.00387731
3312,0.00427145
3313,0.000756736
3314,0.0381736
3315,0.0258715
3316,0.039774
3317,0.53985
3318,0.540806
3319,0.965166
3320,1
3321,0.00320526
3322,0.0137065
3323,0.00767921
3324,0.0957179
3325,0.991584
3326,0.118702
3327,0.00141376
3328,0.00458733
3329,0.00841373
3330,0.00326306
3332,0.0474046
3333,0.996286
3334,1
3335,0.000139425
3336,0.315036
3337,0.000285794
3339,0.00472956
3340,0.00197448
3342,0.0111361
3343,0.000512861
3344,0.00449564
3345,0.00170573
3346,0.00133626
3347,0.0110005
3348,0.00113971
3349,1
3351,0.00744357
3352,0.0990477
3354,0.868932
3355,1
3356,0.139213
3357,1
3358,0.994976
3359,0.908796
3361,0.0273082
3363,0.113429
3365,0.312155
3366,0.0300738
3367,1
3368,0.994765
3369,0.956327
3371,0.0581206
3373,0.0472009
3376,0.885277
3377,0.570761
3378,0.985422
3380,0.00127676
3381,0.00339456
3382,0.074573
3383,0.0696162
3384,0.0311569
3385,0.0644288
3386,0.996243
3388,0.00949352
3389,0.00563402
3390,0.00208465
3391,0.00752898
3392,0.0244589
3394,0.0563461
3395,0.0136742
3396,0.0239277
3397,1
3398,0.00318761
3399,0.00527787
3400,0.0675609
3401,0.130075
3402,0.911666
3404,0.443569
3405,0.0484338
3406,0.00619055
3408,0.0108423
3409,0.0381444
3410,0.0103367
3411,0.884582
3412,0.987503
3413,0.989385
3414,1
3415,0.798005
3416,0.0771022
3418,0.946516
3420,0.00312789
3421,0.183896
3423,0.0355695
3424,1
3425,0.00628999
3426,0.049249
3428,1
3429,0.992268
3430,0.0827034
3431,1
3432,0.986334
3433,0.991748
3434,0.866431
3435,1
3436,0.955581
3438,0.875582
3439,0.968823
3440,0.000222024
3441,0.000393588
3442,0.00308639
3443,0.025486
3445,0.00176442
3446,0.00930582
3447,0.00793582
3448,0.00474919
3449,0.00643031
3450,0.0473001
3452,0.156482
3453,0.144463
3454,0.000571604
3455,0.0143269
3456,0.0103012
3457,0.452096
3459,0.0300482
3460,0.110902
3461,0.00204928
3462,0.00810471
3463,0.00464385
3464,0.103514
3465,0.489946
3466,0.14212
3467,0.996045
3468,0.378255
3469,0.995906
3470,0.223851
3471,0.960877
3472,1
3473,1
3474,0.000894924
3475,0.0026043
3476,0.0177921
3477,0.0338804
3478,0.0760661
3480,0.00771616
3481,0.0165785
3482,0.00652782
3483,0.00616035
3484,0.00835335
3485,0.00512638
3486,0.542624
3487,0.0555999
3488,0.0712423
3489,0.0344703
3490,0.00141803
3491,0.0100732
3492,0.00371629
3494,0.0818055
3495,0.0663999
3496,0.0201609
3497,0.429579
3499,0.0064976
3500,0.0198251
3501,0.0123353
3502,0.0762675
3503,0.0676177
3504,0.0645855
3505,0.991102
3506,1
3507,0.260634
3508,0.997379
3509,0.985033
3510,1
3512,0.00127297
3513,0.018192
3514,0
3515,0.0281283
3516,1
3517,0.00764685
3518,0.0475921
3519,0.00557789
3520,0.0802494
3521,0.079994
3522,0.000227743
3523,0.000717803
3524,0.000128562
3525,0.950052
3526,0.121715
3527,0.890964
3528,0.607123
3530,0.566959
3536,0.00280377
3537,0.0202187
3538,0.0285834
3539,0.00294282
3540,0.00737073
3541,0.0327015
3543,0.028483
3544,0.194111
3545,0.0104675
3546,0.0242718
3547,0.0175301
3548,0.0066588
3549,0.0848795
3550,0.0613833
3552,0.774664
3553,0.540943
3554,0.981519
3555,0.360066
3557,1
3558,0.144494
3561,0.0227876
3562,0.00183739
3567,0.00253962
3568,0.0171533
3570,0.00290812
3571,0.0248898
3572,0.0137216
3573,0.0349293
3574,0.0278822
3575,0.0104507
3576,0.113868
3577,0.112296
3578,0.0753548
3580,0.0078704
3581,0.00687804
3582,0.00146894
3583,0.00402376
3584,0.0537925
3585,0.00056773
3586,0.000393801
3587,0.00102291
3589,0.00421707
3590,0.00168983
3591,0.009959
3592,0.0107149
3594,0.01262
3595,0.0137751
3596,0.00443713
3597,0.0217644
3598,0.000819409
3599,0.104613
3600,0.000936419
3601,0.00417094
3602,0.00572894
3603,0.0198163
3604,0.00802834
3605,0.00256951
3606,0.0129999
3607,0.000636058
3608,0.152949
3609,0.0462737
3611,0.0256445
3612,0.979623
3613,0.0549184
3614,0.0119238
3615,0.0362227
3616,0.00874785
3617,0.061029
3619,0.0346625
3620,0.637614
3621,0.597875
3622,0.0663386
3623,0.0105487
3624,0.000977178
3625,0
3626,0.00754497
3627,0.792321
3628,0.00372292
3629,0.00978678
3630,0.00165066
3631,0.000876883
3632,0.0204241
3633,0.251881
3635,0.240079
3636,0.0842048
3637,0.110844
3638,0.184526
3639,0.995355
3640,0.982693
3642,0.878377
3643,0.971364
3645,0.933502
3647,0.733048
3650,0.0135328
3651,0.000793767
3652,0.0546234
3653,0.00428979
3654,0.00698458
3655,0.0584321
3656,0.0421383
3659,0.909025
3661,0.983746
3662,0.995276
3664,0.0043083
3665,0.0114144
3666,0.000618607
3667,0.0568315
3668,0.0300197
3669,0.0594837
3670,0.996064
3672,0.981411
3673,0.971171
3674,0.824765
3675,0.00615566
3676,0.000417403
3677,0.00752509
3678,0.0233634
3679,0.0561417
3680,0.00111062
3681,1
3682,0.00117615
3683,0.00374088
3685,0.0324093
3686,0.00493243
3687,0.0278349
3688,0.0244196
3689,0.1255
3690,0.0403498
3691,0.183285
3692,0.287378
3694,0.171602
3695,0.974717
3696,0.00294868
3697,0.00266727
3698,0.0123121
3699,0.0171424
3700,0.0458966
3701,0.0170841
3702,0.578156
3703,0.275327
3705,0.142969
3706,0.279319
3707,0.000440351
3708,0.00268734
3709,0.00348317
3710,0.977508
3711,0.864871
3712,0.194324
3713,1
3715,0.636616
3716,0.969739
3717,1
3718,0.0222637
3719,0.00114696
3720,0.0527076
3721,0.0595617
3722,0.0111066
3723,0.80106
3724,0.118577
3725,0.130863
3726,0.0412039
3727,0.0494821
3728,0.00903158
3729,0.004543
3730,0.0292295
3731,0.0517488
3732,0.000190102
3733,0.772765
3734,0.00382002
3735,0.00269106
3736,0.00175478
3737,0.00864808
3738,0.0418795
3739,0.00285684
3741,0.433301
3742,0.00225241
3743,0.00121169
3744,0.00436394
3745,0.0124508
3746,0.00186263
3747,0.00810619
3748,0.00438185
3750,0.000166671
3755,0.0277148
3756,0.0264076
3757,0.0188011
3758,0.0177111
3759,0.677988
3760,0.898447
3761,0.123107
3762,0.00450195
3764,0.983624
3765,0.0373708
3766,0.00820965
3767,0.0485844
3770,0.0715015
3771,0.96475
3772,0.991126
3773,0.0249937
3774,0.00945088
3775,0.671155
3776,0.00515023
3777,0.0317565
3778,0.00759058
3779,0.648717
3781,0.00666264
3782,0.0537266
3783,0.0325728
3784,0.0358683
3785,0.0856235
3787,1
3790,0.000552116
3791,0.000209373
3793,0.0144163
3794,0.00200978
3796,0.00137516
3798,0.0210307
3800,0.970562
3801,0.000949433
3802,0.016735
3803,0.00795687
3804,0.0334346
3805,0.00117475
3806,0.000689383
3807,0.0233911
3808,0.017638
3809,0.109976
3810,0.0127163
3812,0.0686059
3813,0.456504
3814,0.952402
3815,0.0409993
3816,0.922986
3817,0.982095
3818,0.995141
3819,0.91429
3821,0.898696
3822,0.0969399
3823,0.975894
3825,0.892147
3826,0.248352
3828,1
3829,1
3830,0.00268433
3831,0.00127937
3832,0.140425
3833,0.00412845
3834,0.00645304
3836,0.0279438
3837,1
3838,0.879124
3839,0.736574
3841,0.00347411
3842,0.00955927
3843,0.00765342
3845,0.0278613
3846,0.0253599
3848,0.0120442
3849,0.000237836
3850,0.000972429
3851,0.00355787
3852,0.0021983
3853,0.00274564
3854,0.0167179
3855,0.167986
3857,0.13239
3858,0.956254
3860,0.121707
3861,0.997409
3862,0.400889
3863,0.982727
3864,0.998407
3866,0.849899
3867,0.00031838
3868,0.00491524
3869,0.00268415
3870,0.454208
3871,0.000713142
3873,0.00728588
3875,0.0599546
3876,0.858387
3877,0.000742846
3878,0.00777365
3879,0.00929698
3880,0.0018365
3882,0.0106445
3883,0.0385025
3885,0.579428
3886,0.996586
3887,0.00443134
3889,0.0196516
3890,0.0102675
3892,0.627423
3893,0.0055689
3894,0.00637618
3896,0.0167923
3897,0.174469
3898,0.0488228
3899,0.918559
3900,0.987677
3901,0.766632
3902,0.00394419
3903,0.828162
3904,0.0213942
3905,0.003021
3907,0.0369066
3909,0.995393
3910,0.00872752
3911,0.937911
3912,0.00201994
3913,0.0118245
3915,0.0194698
3916,0.0171287
3918,0.000961341
3919,0.00283353
3920,0.00779049
3921,0.00118759
3922,1
3923,0.105941
3924,0.0812405
3925,0.026664
3926,0.00153318
3927,0.0216891
3928,0.0145215
3929,0.0253438
3930,0.00161259
3931,1
3932,0.0499987
3933,1
3935,0.0131455
3936,0.0668881
3937,0.0029238
3938,0.0514418
3939,0.102404
3940,0.000693918
3941,0.0315543
3942,0.00156731
3943,0.0121497
3944,0.00506229
3945,0.27567
3946,1
3947,0.00208234
3948,0.00966801
3949,0.798346
3950,0
3951,0.00799398
3952,0.00451052
3953,0.0164256
3956,0.0271235
3957,0.145697
3960,0.000555506
3961,0.00157218
3962,0.00113806
3963,0.00217378
3964,0.00284557
3965,0.00346814
3966,0.00790418
3967,0.017031
3968,0.0689661
3970,0.00471229
3972,0.0371125
3973,0.0381428
3974,0.103444
3976,0.00315217
3977,0.000594273
3979,0.0335855
3981,1
3982,0.00141404
3983,0.0410453
3984,0
3985,0.048003
3986,0.921822
3988,0.0399269
3990,0.0772193
3991,0.0343166
3992,0.841994
3993,0.019787
3994,0.0050263
3995,0.0105185
3996,0.727415
3997,1
3998,0.19309
4000,0.00712415
4002,0.996673
4003,0.119877
4004,0.0512251
4005,0.00865949
4006,0.981194
4007,0.223125
4008,0.94718
4009,0.998156
4010,0.99361
4011,0.861609
4012,1
4013,0.0583919
4014,0.00211907
4015,0.978814
4016,0.0186562
4017,0.0124441
4019,0.127521
4020,0.378628
4021,0.97553
4023,0.388223
4025,0.00278989
4027,0.0069967
4028,1
4030,0.00337061
4031,0.0182527
4032,0.0123671
4033,0.0474543
4034,0.0526185
4036,1
4037,0.838681
4038,0.00187523
4039,0.00106187
4040,0.894897
4041,0.0253497
4043,0.0256479
4044,1
4046,0.00813074
4047,0.00144698
4048,0.0102827
4050,0
4052,0.0618211
4053,0.00840695
4054,0.000233598
4055,0.0370371
4056,0.00791333
4057,0.092274
4058,0.00376386
4059,0.00559788
4060,0.0290688
4061,0.0207727
4062,0.199062
4064,0.0277879
4065,0.0548062
4066,0.000444558
4067,0.00669042
4068,0.0257887
4069,0.0610226
4070,0.0166304
4072,0.5886
4074,0.000515087
4076,0.00722835
4080,0.0469378
4082,0.0221558
4083,0.11932
4084,0.0120602
4085,0.0329532
4086,0.025791
4087,0.0119961
4088,0.0178446
4089,0.0727628
4090,0.117722
4091,0.000393994
4092,0.00254851
4094,0.0009125
4096,0.0165966
4097,0.0153219
4098,0.00136861
4099,0.00576769
4100,0.015195
4101,0.0101093
4102,0.0331072
4103,0.170619
4106,0.136034
4107,0.160115
4108,0.0355959
4110,0.00514309
4111,0.978932
4112,1
4113,0.0604159
4114,0.036658
4115,0.00251256
4117,0.784179
4118,0.229931
4119,0.100436
4120,0.0304154
4121,0.0679574
4122,0.48523
4124,0.0797629
4125,0
4127,0.00337391
4128,0.0576403
4129,0.000932376
4130,0.00242234
4131,0.16228
4132,0.00305847
4135,0.0233933
4137,0.278407
4139,1
4140,0.920084
4141,0.878914
4142,0.00687743
4143,0.060534
4144,0.0295669
4146,0.30845
4149,0.661757
4150,0.00198964
4151,0.00116619
4152,0.0202684
4153,0.995455
4155,0.162815
4156,0.321198
4159,0.75492
4161,0.0109877
4162,0.808507
4163,0.454661
4164,0.00622699
4165,0.252488
4166,0.0414893
4167,0.918386
4168,1
4169,0.000298432
4170,0.00124078
4171,0.000222199
4172,0.0328864
4173,0.00380625
4174,0.011566
4175,0.00218216
4176,0.000932634
4177,0.00131052
4178,0.00754271
4179,0.000283068
4180,0.0095716
4181,0.0139096
4182,0.0126973
4184,0.0729694
4185,0.00210376
4186,0.00785145
4187,0.00703842
4188,0.0705962
4189,0.0121738
4190,0.113941
4191,1
4192,0.0187815
4193,0.0128252
4196,0.0680566
4199,0.0121722
4201,0.0104243
4202,0.0112789
4203,0.00811334
4204,0.010656
4205,0.00541837
4206,1
4207,0.47857
4208,0.825447
4210,0.00171615
4211,0.00120628
4212,0.00767474
4214,0.0144761
4215,0.00354735
4216,0.0330079
4217,0.0562348
4218,0.000291776
4219,1
4220,0.00252392
4221,0.0559373
4222,0.00999612
4224,0.00589752
4225,0.00551302
4226,0.0137965
4227,0.897026
4228,0.0215319
4229,0.993979
4230,0.232455
4231,0.526838
4232,1
4238,0.00678145
4240,1
4241,0.00115241
4242,0.0484097
4243,0.0207773
4245,0.0131058
4246,0
4247,0.000752399
4248,0.000186945
4249,0.00342951
4250,0.0448307
4251,0.00123198
4253,0.000639727
4254,0.0101633
4255,1
4256,0.517101
4259,0.99625
4260,0.999216
4261,0.0126743
4263,0.970773
4264,0.952928
4265,0.119937
4267,0.00546576
4269,1
4270,0.000944347
4271,0.0155428
4272,0.00307722
4273,0.0214648
4274,0.0793036
4275,0.00095299
4276,0.197855
4277,0.00395085
4278,0.0153737
4279,0.0193871
4280,0.0346715
4281,0.0015586
4282,0.000240885
4283,0.00512328
4284,0.786183
4285,0.00494805
4287,0.0851017
4288,0.741169
4290,0.00270888
4291,0.00198657
4292,0.823402
4293,0.0161374
4294,0.0246104
4295,0.249192
4296,0.0180393
4297,1
4299,1
4300,0.000619346
4302,0.076994
4303,0.12455
4305,0.0655704
4308,0.410091
4310,0.0437088
4311,0.0476115
4312,0.0440562
4313,0.0912651
4315,0.51744
4316,0.655949
4318,0.0185619
4319,0.0311578
4320,0.154186
4322,0.738875
4323,0.414104
4324,1
4326,0.0307323
4327,0.760982
4328,0.00908629
4330,0.0214589
4331,0.257787
4332,0.170028
4334,0.987292
4335,0.00670578
4336,0.00230257
4337,0.000676883
4338,0.00191545
4339,0.00174358
4340,0.0173861
4342,0.00207995
4343,0.00762365
4344,0.0115808
4345,0.00168026
4346,0.0469224
4347,0.0510738
4348,0.445317
4349,0.000123678
4350,0.00318988
4351,0.00679643
4352,0.000445536
4353,0.00146405
4354,0.00622142
4355,0.00146372
4356,0.00227308
4357,0.00380236
4358,0
4359,0.0265306
4360,0.00304312
4362,1
4363,0.0085269
4364,0.055834
4365,0.0192525
4366,0.00693103
4367,0.0106717
4368,0.00183274
4369,0.812418
4370,0.00978146
4371,0.377649
4372,0.130674
4373,0.0968602
4374,0.989385
4377,0.00732563
4378,0.00124716
4380,0.0572037
4381,0.0319682
4382,0.0191945
4384,0
4385,0.0165181
4387,0.00336371
4388,0.00112138
4389,0.00336272
4390,0.00399272
4391,0.856169
4392,0.00415326
4393,0.00501562
4394,0.146384
4396,0.0160014
4397,0.0220195
4398,0.00977298
4399,0.00895857
4400,0.0316566
4401,0.0122845
4402,0.0304803
4403,0.0041645
4404,0.0106979
4406,0.296325
4407,0.756952
4408,0.00755363
4409,0.0017557
4410,0.000554917
4411,0.0577144
4412,0.269494
4413,8.58929e-05
4414,0.000192118
4415,0.00154436
4416,0.547345
4417,0.000911461
4418,0.00187337
4419,0.00882049
4420,0.0128725
4421,0.00576549
4422,0.0091683
4423,0.00160942
4424,0.671622
4426,0.970768
4427,0.0125144
4428,0.00388336
4429,0.0253271
4430,0.00472246
4431,0.0690872
4433,0.00162743
4434,0.00467075
4435,0.000828091
4437,0.0167812
4438,0.0549616
4439,0.0229054
4440,0.0618112
4442,0.00980475
4443,0.00179494
4444,0.00363014
4445,0.0688318
4446,0.995132
4447,0.000277422
4448,0.0101349
4449,0.0034916
4450,0.0176891
4451,0.00132109
4452,0.995867
4454,0.0183194
4455,0.00654815
4456,0.0160451
4457,0.78862
4458,0.0475085
4459,0.0172557
4460,0.188101
4461,1
4462,0.000378929
4463,0.00198676
4464,0.0541133
4465,0.00311603
4466,0.232363
4467,0.00283483
4468,0.000809584
4469,0.00109753
4470,0.0166927
4471,0.00137036
4472,0.0160629
4473,0.0147366
4474,0.000518434
4475,0.158349
4476,0.002314
4477,0.0148627
4478,0.0101405
4479,0.0140072
4480,0.00810378
4481,0.00683601
4482,0.00875197
4483,0.0015409
4484,1
4485,0.0673991
4486,0.0180714
4487,0.0130084
4488,0.00119864
4489,0.00437881
4490,1
4491,0.03849
4493,1
4494,0.985354
4496,0.997021
4497,0.000701724
4498,0.00141163
4499,0.00045369
4500,0.00897576
4501,0.00656737
4502,0.00243349
4503,0
4505,0.000555026
4506,0.00370788
4507,0.00092138
4508,0.00126603
4509,0.00148859
4510,0.0112562
4511,0.0120325
4512,0.00708395
4514,0.0678679
4518,0.411812
4519,0.168395
4521,0.00131969
4522,1
4523,0.0465976
4524,0.00326249
4525,0.166383
4526,0.00219538
4527,0.000416957
4528,1
4529,0.0112647
4530,0.0028619
4531,0.135348
4532,1
4533,0.000998775
4534,0.00377033
4536,0.177454
4537,0.232549
4538,0.00446752
4539,0.00442658
4540,0.0139674
4541,0.00382755
4542,0.00625325
4543,0.00482397
4544,1
4545,0.880002
4546,0.0018689
4547,0.000306639
4548,0.00857974
4549,0.00107901
4550,0.00567747
4551,0.647733
4552,1
4553,1
4554,0.0233946
4555,0.00498515
4556,0.00295165
4558,0.00163531
4559,0.00988013
4560,0.0170906
4561,0.000358
4562,0.0127781
4563,0.0181623
4564,0.00703475
4565,0.0680918
4566,0.0723821
4567,0.0219243
4569,0.00280842
4570,0.0341083
4571,0.00267881
4572,0.0516518
4573,0.997938
4574,0.0449971
4576,0.164205
4577,0.283592
4578,0.00294773
4580,0.0127798
4581,0.045679
4582,0.0114174
4584,0.0239304
4585,0.00752704
4586,0.0182644
4587,0.00219743
4588,0.0101658
4589,0.0112792
4590,0.530937
4592,0.229125
4593,0.0545065
4594,0.00101072
4595,0.068336
4596,0.0359627
4597,0.0476495
4598,0.0680387
4600,0.133187
4601,0.0272093
4602,0.975455
4603,0.664114
4604,0.706824
4605,0.630871
4607,0.0387668
4608,0.00181441
4609,1
4611,0.0424397
4613,0.781954
4614,0.00319286
4615,0.000314296
4616,0.00318923
4617,0.0100396
4618,0.0127761
4619,0.116993
4620,1
4621,0
4622,0.00139182
4623,0.000721438
4624,0.00816166
4625,0.00199147
4627,0.0382325
4629,0.00444087
4630,0.00962039
4631,0.0296834
4632,0.000854998
4633,0.0186863
4634,0.0267784
4636,0.233944
4638,1
4639,0.0463517
4640,0.000929095
4641,0.000887067
4642,0.97641
4643,0.00324073
4644,0.000660874
4645,0.000576472
4646,0.00162682
4647,0.00206337
4648,0.00358769
4649,0.0357402
4650,0.183166
4651,0.0054226
4653,0.0488708
4654,0.947118
4655,0.110012
4656,0.00259715
4657,0.00312624
4658,0.432833
4659,0.0421424
4660,0.00333313
4661,0.0786892
4662,0.000668555
4663,0.00441472
4664,0.00155499
4665,0.0315733
4666,0
4667,0.0043741
4668,0.00157588
4669,0.0447533
4670,0.0321238
4671,0.0297611
4672,0.0403202
4673,0.0506253
4674,0.166872
4676,0.0514159
4679,0.00442685
4680,0.000570529
4681,0.122573
4682,0.984398
4683,0.0976833
4684,0.0414061
4685,0.393486
4686,0.908341
4688,0.172557
4689,0.000452806
4691,0.00251342
4692,0.0347192
4693,1
4694,0.016961
4695,1
4697,0.975661
4698,0.00771987
4699,0.00102595
4700,0.0174763
4701,0.00580631
4702,0.21718
4704,0.146872
4705,0.983866
4706,1
4708,0.0995381
4709,0.608979
4711,0.929345
4712,0.802596
4713,0.629217
4714,0.00515745
4715,5.45936e-05
4716,0.0322732
4717,0.0417505
4718,0.0264221
4719,0.31023
4720,1
4721,0.706798
4723,0.758132
4724,0.703242
4725,0.00173826
4726,0.0056552
4727,0.00262598
4728,0.0125289
4729,0.00592409
4730,0.514116
4732,0.0931837
4733,0.0211323
4734,0.00627669
4735,0.0166454
4736,0.0137974
4737,0.00739215
4738,0.555018
4739,0.0125635
4740,0.650447
4741,0.00059689
4742,0.00259448
4743,0.02374
4744,0.0284693
4746,0.0138077
4747,0.0058545
4748,0.0104397
4749,0.973871
4750,0.0587533
4752,0.216145
4753,0.271292
4754,0.00980312
4755,0.34241
4758,5.18182e-05
4759,0.000377193
4760,1
4761,0.000539469
4762,0.000730411
4764,0.0505587
4767,0.000990377
4770,0.953473
4773,0.00597111
4774,0.034773
4775,0.0143874
4776,0.0298117
4777,0.00168857
4779,0.00259803
4780,0.00353903
4781,0.149893
4784,0.0362382
4785,0.00174098
4787,0.00400724
4788,0.00650555
4789,0.0952646
4790,0.150017
4791,0.00568689
4792,0.897814
4793,0.00599392
4794,0.0512775
4795,0.994842
4796,0.988827
4797,0.164297
4800,0.50909
4801,0.97742
4802,0.227229
4804,0.881444
4805,0.991381
4806,0.967565
4807,0.067845
4809,1
4810,0.918495
4813,0.00592968
4814,0.00323461
4815,0.000980334
4816,0.453185
4818,0.0193663
4819,0.0769028
4820,0.203327
4821,0.987135
4822,0.000425697
4823,0.0017158
4824,0.00443227
4825,0.0167722
4826,0.0219394
4827,0.0473517
4829,0.0124172
4830,0.880075
4831,0.00415879
4832,0.00582311
4833,0.0102154
4834,0.0239884
4835,0.000391191
4836,0.066603
4837,0.00587654
4838,0.00275456
4839,0.0129329
4840,0.0346807
4841,0.07647
4842,0.0159053
4843,0.00370257
4844,0.000359961
4845,0.116739
4846,0.0096188
4847,0.0159153
4848,0.0477176
4849,0.0776885
4850,0.699275
4851,0.0210119
4852,0.995543
4853,0.391343
4854,0.00328536
4855,0.00365873
4856,0.00333389
4857,1
4858,0.0161006
4859,1
4860,0.0243256
4861,0.0272896
4862,0.042926
4863,0.00532168
4864,0.00463207
4865,0.0573424
4866,0.0166173
4867,0.00190872
4868,0.234806
4869,0.00946967
4870,0.0554259
4871,0.00176589
4872,0.00118849
4873,0.0275881
4874,0
4876,1
4877,0.00581979
4878,0.00335652
4879,0.0036876
4880,0.00207283
4881,0.673042
4884,0.000219267
4885,1
4886,0.000537369
4887,0.0253095
4889,0.0520235
4890,0.000122431
4891,0.00160135
4892,1
4893,0.00579388
4894,0.00167113
4895,0.654419
4897,0.000334761
4898,0.000660729
4899,0.110495
4900,0.0477098
4901,0.0168522
4902,0.378685
4903,0.236254
4904,0.977907
4905,1
4906,0.000788163
4907,0.000273839
4908,0.0229466
4909,0.995203
4910,0.105125
4911,0.0977395
4914,0.00247855
4916,0.00627981
4918,0.00878247
4919,0.564915
4921,0.696017
4922,0.0703668
4923,0.701376
4924,0.00327848
4925,0.0355629
4926,0.0276402
4927,0.0775101
4928,0.0506025
4929,0.146851
4931,0.00595636
4932,0.0160829
4933,0.012212
4934,0.00175417
4935,0.027522
4936,0.00192886
4937,0.0121116
4938,0.0193318
4939,0.00194889
4940,0.209111
4941,1
4943,0.998305
4944,0.169806
4945,0.0541553
4946,0.02874
4947,0.985453
4950,0.651238
4951,0.987338
4954,0.994709
4956,0.18134
4957,1
4958,0.889566
4959,0.00386573
4960,0.00380097
4961,0.0513842
4962,0.0969904
4963,0.0035247
4964,0.0156197
4965,0.00668274
4966,0.289806
4967,0.00991816
4968,0.00096115
4969,0.00558703
4970,0.021566
4971,0.0177405
4973,0.0156751
4974,0.160374
4975,0.0540276
4977,0.171469
4978,0.929773
4979,0.974698
4980,1
4982,0.994627
4983,0.0359004
4984,0.120348
4985,0.0707057
4986,0.0197285
4987,0.0256495
4988,0.0213769
4989,0.146424
4990,0.993743
4991,0.961753
4994,0.771934
4995,0.995066
5000,1
5001,0.389271
5002,0.990796
5003,0.75134
5004,0.826177
5005,0.000703852
5006,0.000404891
5007,0.00088051
5009,0.0164452
5010,0.0833741
5011,0.099209
5012,0.00691921
5013,0.250998
5014,1
5015,1
5016,0.0376355
5017,0.0092054
5018,0
5020,0.00159252
5021,0.000260355
5022,0.000595596
5023,0.0297078
5024,1
5025,0.995352
5026,0.011404
5028,0.00806199
5030,0.0327788
5031,0.995186
5032,1
5033,0.975213
5034,0.0473386
5035,0.423794
5036,0.053449
5039,0.00907194
5040,0.00233155
5041,0.00236035
5042,0.00726002
5043,0.0933463
5044,0.0207183
5045,0.00315372
5046,0.00415295
5048,0.00638875
5049,0.0470761
5050,0.00950543
5051,0.00209571
5052,0.0715812
5055,0.00450158
5056,0.00719484
5057,0.00394945
5059,0.0595923
5060,0.778601
5061,0.0302529
5062,0.853985
5063,0.172887
5064,0.45926
5065,0.906671
5066,0.0254887
5067,0.28023
5068,0.0270581
5069,0.00495972
5071,0.964255
5073,0.155852
5075,0.850846
5076,0.983305
5078,0.000699705
5079,0
5081,0.00231716
5082,0.00881613
5083,0.00770176
5084,0.0568901
5085,0.0393495
5086,0.0234014
5087,0.054771
5088,0.0438642
5089,0.0671486
5091,0.0944266
5095,0.86928
5096,0.976601
5097,0.982266
5098,0.995947
5099,0.833552
5100,0.976837
5101,0.0015557
5102,0.00141101
5103,0.00833292
5104,0.00644407
5106,0.0202903
5110,0.0509673
5112,1
5113,0.0447735
5114,0.00530534
5115,0.209704
5116,0.145448
5117,0.98928
5118,0.915917
5119,0.00256517
5120,0.00471485
5121,0.0255673
5122,0.820796
5123,0.0127662
5125,0.00361886
5126,0.0538279
5127,0.0925094
5131,0.00536046
5134,0.0277545
5135,0.0417582
5136,0.0318513
5137,0.0550415
5138,0.0227291
5140,1
5141,0.183106
5142,0.00304009
5143,0.00160318
5144,0.898401
5145,0.0389648
5147,0.000339593
5148,0.00313671
5149,5.31218e-05
5150,0.000114774
5151,0.000171969
5152,0.00990917
5153,0.00473572
5154,0.0330697
5155,0.0625106
5156,0.0874467
5157,0.00403952
5158,0.000785562
5159,0.00151076
5161,0.00792149
5162,0.00726226
5163,0.0411284
5164,0.0190812
5165,0.019608
5166,0.00811582
5167,0.350168
5168,0.0420374
5169,0.523512
5172,0.0899168
5173,0.000249368
5174,0.00140039
5175,1
5176,0.0102357
5177,0.0399176
5178,0.0352028
5179,0.00777498
5181,1
5182,0.00407238
5183,0
5184,0.00379735
5185,0.138795
5186,1
5187,0.0179914
5188,0.0310801
5189,0.163136
5190,0.0305458
5191,0.0611874
5192,0.11269
5193,1
5194,0.000237148
5195,0.00121716
5196,0.318269
5197,0.411966
5198,0.000471485
5199,0.00150805
5200,0
5201,0
5203,0.0570371
5204,0.0100388
5205,0.0131472
5206,0.0138863
5208,0.0120376
5209,0.894043
5210,0.0225971
5211,0.00249449
5212,0.0019192
5213,0.0110934
5215,0.0292596
5216,0.00312353
5217,0.00542834
5220,0.0140992
5221,0.0340618
5222,0.0141666
5223,0.602979
5224,0.00934115
5225,0.489615
5226,0.0977985
5227,0.240743
5228,0.00128876
5229,0.0173085
5230,0.825187
5231,0.0055322
5232,0.962063
5233,0.0593861
5234,0.997308
5235,0.000582146
5236,0.0073134
5237,0.0610599
5239,0.00399922
5240,0.0239048
5241,0.000947097
5242,0.00787365
5243,0.000423741
5244,0.016255
5245,0.0193175
5247,0.000637919
5249,0.70816
5250,0.0328403
5251,0.0813719
5252,0.0472954
5253,0.00243785
5254,0.131252
5255,0.00845053
5256,0.00889816
5257,0.0225599
5258,0.0127265
5259,0.0239699
5260,0.014739
5261,0.410789
5263,0.97805
5264,0.988879
5265,0.991893
5266,1
5267,0.990151
5268,0.978375
5269,0.00178355
5270,0.00223879
5271,0.0108049
5272,0.00076634
5273,0.00375901
5274,0.125307
5275,0.0231314
5276,0.00415231
5277,0.00290448
5278,0.00105376
5279,0.496431
5280,0.00321149
5281,0.0062631
5282,0.0137191
5283,0.106563
5284,0.998471
5285,0.79723
5289,0.992131
5291,0.052529
5292,0.00311489
5293,0.00186812
5294,0.125796
5295,0.138511
5296,0.018154
5297,0.0018424
5298,0.00633222
5299,0.00361387
5300,0.0015876
5301,0.00661896
5302,0.000971674
5303,0.00336758
5304,0.000348739
5305,0.00197286
5306,0.014932
5307,0.0634585
5308,0.00644982
5311,0.000343797
5313,0.00173413
5314,0.00585396
5315,0.36487
5316,1
5317,0.000347596
5318,0.00200116
5319,0.000322793
5320,0.0612845
5321,0.844434
5322,0.0864699
5324,0.816688
5325,0.00264859
5326,0.00496673
5328,0.0296995
5329,0.162262
5330,0.0057
5331,0.132664
5332,0.00191843
5334,0.000523532
5335,0.00177078
5336,0.00566828
5337,0.00369007
5339,0.0275409
5340,0.0313349
5341,0.00234174
5342,0.00265725
5343,1
5344,0.0314754
5345,0.0478
5346,0.999222
5347,0.0680175
5348,0.819941
5349,4.4776e-05
5350,0.00735613
5351,0.000122326
5352,0.00853536
5353,0.0282061
5356,0.293433
5357,0.00195461
5358,0.0208095
5359,0.0173022
5360,0.0055245
5361,0.00282604
5362,0.00642184
5363,0.0440139
5364,0.0133172
5367,1
5368,0.00628745
5369,0.00772098
5370,0.0997056
5371,0.053693
5372,0.0461009
5373,0.00889758
5376,1
5377,0.00199413
5378,0.0076495
5379,0.00769265
5380,0.0723767
5381,1
5384,0.000652418
5385,0
5386,0.523645
5387,0.0646463
5388,0.0113187
5389,0.00577541
5390,0.00769126
5391,0.0233518
5392,0.0141692
5393,0.0768363
5394,0.00229518
5395,0.000465732
5397,0.0734795
5398,0.0132319
5399,0.934192
5400,0.053906
5401,0.0716601
5403,0.403411
5404,0.522605
5405,0.771919
5406,0.00201592
5407,0.00250398
5408,0.00663756
5409,0.966509
5410,0.0238939
5411,0.0509909
5414,0.072695
5415,0.0132187
5417,0.0453986
5420,0.00263972
5421,0.00742999
5422,0.00650775
5423,0.00727518
5424,0.0320522
5425,0.045444
5426,0.00141952
5427,0.496244
5428,0.00220183
5429,0.0044706
5430,0.00701307
5431,0.109066
5432,0.136713
5433,0.779325
5434,0.00222301
5435,0.0301509
5436,0.0226128
5437,0.258702
5438,0.0774332
5439,0.0466044
5440,0.263934
5441,0.00456518
5442,0.0054946
5443,0.0824264
5444,0.0673248
5445,0.0428782
5446,0.0626454
5447,0.025745
5448,0.233128
5449,0.0022709
5451,0.00297447
5452,0.0101285
5453,0.0291119
5454,0.0301039
5455,0.0057249
5456,0.000917565
5457,0.0274436
5458,0.00342889
5459,0.0775384
5460,0.993311
5461,0.998255
5463,0.965609
5464,0.112321
5465,0.00597575
5466,0.957151
5467,0.00243144
5469,0.00282676
5471,0.807318
5472,0.00595019
5475,1
5476,0.0074404
5477,0.00438743
5478,0.00441211
5480,0.102119
5481,0
5482,0.100647
5483,0.00489587
5484,0.00408546
5485,0.0200565
5489,0.319792
5490,0.882045
5491,0.824202
5492,0.00170553
5493,0.00859653
5494,0.010979
5495,0.00310358
5496,0.00417116
5497,1
5498,0.00558528
5499,0.00177528
5500,0.000652784
5501,0.019814
5502,1
5503,0.0142442
5504,0.00250567
5505,0.00177176
5506,0.0010101
5507,0.00140039
5508,0.00637557
5509,0.56367
5510,0.00860885
5511,0.00664725
5512,0.0483291
5513,0.00812315
5514,0.00319546
5515,0.0254033
5516,0.992047
5517,0.000810714
5518,0.000556067
5519,0.00258786
5520,0.0128036
5521,0.000984671
5522,0.00331813
5523,0.00994886
5524,0.131474
5526,0.00288153
5527,0.0651364
5528,0.09165
5529,0.394052
5530,0.985697
5531,0.0394812
5532,0.907009
5533,0.00657054
5534,0.00313081
5535,0.25553
5536,0.0411385
5537,0.00154098
5538,0.000319251
5539,0.00476737
5540,0.0283096
5542,0.0280851
5543,0.0669969
5545,0.00078704
5547,0.00162089
5548,0.807868
5549,0.0329244
5553,0.00204975
5554,0.00591967
5555,0.0280008
5556,0.00408412
5560,0
5562,0.00242857
5563,0.171328
5564,0.00532146
5565,0.929086
5566,0.0047495
5567,0.0431995
5568,0.101669
5570,0.776996
5572,0.00315029
5573,0.00417216
5574,0.00586167
5575,0.777872
5576,0.00922214
5577,0.0358332
5578,0.0696438
5579,0.945668
5580,0.00503382
5581,0.00402351
5582,0.000478197
5584,0.00453488
5585,0.0097745
5586,0.01599
5587,0.0214189
5588,0.974012
5589,0.109288
5590,0.871336
5592,0.00218771
5593,0
5594,0.00102977
5595,0.000465998
5596,0.00350431
5597,0
5598,0.00390394
5599,0.00171976
5600,0.00279998
5601,0.0620382
5602,0.852295
5603,0.724647
5604,0.105368
5605,0.0866587
5606,1
5607,0.966167
5608,0.865289
5609,0.0662483
5610,0.00600728
5611,0.00122445
5613,0.0425005
5614,0.00467698
5616,0.01584
5617,1
5618,0.026873
5619,0.0469505
5620,0.146412
5621,0.235938
5622,0.966326
5624,0.001952
5627,0.0335801
5628,0.067614
5629,0.0135366
5630,0.0277518
5631,0.0725144
5632,0.00688911
5635,0.0984836
5636,0.954188
5637,0.19569
5638,0.254095
5639,0.853442
5641,0.977337
5642,0.926319
5643,0.438287
5644,0.797106
5645,1
5646,0.286264
5647,0.851628
5650,0.00117161
5651,0.0018947
5652,0.00285928
5653,0.00307578
5654,0.0214928
5656,0.0443078
5657,0.0454776
5659,0.0234828
5660,0.0105026
5661,0.0690408
5662,0.0513535
5663,0.025891
5664,0.0974456
5665,0.295307
5666,0.946171
5667,0.943648
5668,0.400462
5669,0.0745312
5671,1
5672,0.809552
5673,0.972905
5674,0.540469
5675,0.8179
5677,0.0106562
5678,0.0125095
5679,0.0160346
5680,0.00330334
5681,0.32257
5682,0.00159164
5686,0.0581181
5687,0.00843812
5689,0.0113146
5690,0.00982046
5693,0.617719
5694,0.325493
5695,0.9796
5696,0.987842
5697,0.00870085
5698,0.0317648
5699,0.0093587
5701,0.0115498
5704,0.13137
5705,0.0305014
5706,0.026899
5707,0.0104376
5708,0.320367
5709,0.00530653
5710,0.196374
5711,0.966181
5712,0.00841571
5713,0.00681457
5714,0.0119987
5716,0.00969571
5717,0.0321319
5718,0.0955482
5719,0.959943
5720,0.00483001
5721,0.00267258
5722,0.0170449
5723,0.865906
5725,0.0408208
5727,0.0795085
5728,0.0134482
5729,0.00142694
5730,0.00640881
5731,0.0078594
5732,0.0094524
5736,0.00847066
5737,0.0447
5738,0.00301138
5739,0.0207775
5740,1
5741,0.0162878
5742,0.0333232
5743,0.0286874
5744,1
5745,0.000517808
5746,0.000561113
5747,0.000597495
5748,0.0121572
5749,0.0482817
5750,0.274859
5751,0.287008
5752,0.000897315
5753,0.00188307
5754,0.000978766
5755,0.00599635
5756,1
5757,0.65206
5759,0.0119626
5760,0.959068
5761,0.0259195
5762,0.202012
5763,0.833223
5764,0.00656852
5765,0.00146302
5766,0.0319854
5767,0.00245022
5768,0.028522
5769,0.0112896
5770,0.124335
5771,0.000188177
5772,0.00142899
5773,0.000296038
5774,0.00795705
5775,0.0126726
5778,0.0125748
5779,0.994004
5780,0.00177832
5781,0.00368368
5782,0.0139615
5785,0.0470639
5786,0.0735428
5787,0.16822
5788,0.0222786
5789,0.000744757
5790,0.000941015
5791,0.0216021
5792,0.014627
5793,0.00175714
5794,0.00679874
5797,0.00195773
5798,1
5799,1
5801,0.00916547
5802,0.00352506
5803,1
5805,0.00579571
5806,1
5807,0.000127938
5808,0.0651627
5809,1
5811,0.000198153
5812,0.00921926
5813,0.906945
5814,0.973035
5815,0.0181486
5818,0.336109
5819,0.997308
5820,0.0636958
5821,0.0070634
5822,0.0044826
5824,0.00971104
5825,0.022008
5826,0.0528214
5827,0.00918706
5829,0.0500148
5830,0.037189
5832,0.0025322
5833,0.0237159
5834,0.0288781
5835,0.337454
5836,0.00264809
5838,0.0169786
5839,0.135005
5840,0.219934
5841,0.000216165
5842,0.0342497
5843,0.000849229
5844,0.00929172
5845,0.0529769
5846,0.00590001
5847,0.016487
5848,0.0184425
5849,0.112278
5851,0.99423
5852,0.978171
5853,0.989703
5854,0.107335
5855,0.78249
5856,0.967797
5858,0.969584
5859,1
5860,0.911193
5862,0.884887
5863,0.797469
5864,0.988777
5866,0.956846
5867,0.925221
5868,1
5869,1
5870,1
5871,0.874394
5872,0.777736
5873,1
5875,0.958713
5876,0.0311824
5877,0.0210032
5879,0.0431887
5883,0.0338387
5885,0.000107519
5886,0.00124689
5887,0.000336768
5888,0.00233189
5889,0.555335
5891,0.855679
5892,0.00101099
5893,0.000568163
5894,0.0161307
5895,0.657905
5896,0.180768
5897,0.0657769
5900,0.000847585
5902,0.00202729
5903,1
5904,0.00757772
5905,0.00990901
5906,0.00878897
5907,0.986504
5908,0.0211085
5909,0.000998872
5910,0.00670877
5911,0.00641743
5912,0.0193707
5913,0.0737438
5914,0.0506827
5916,0.659883
5917,0.778798
5918,0.803996
5919,0.0151652
5920,0.0151814
5921,0.968275
5922,0.0415691
5923,0.130609
5924,0.870132
5925,0.0025883
5926,0.00581136
5927,0.0241833
5928,0.0338261
5929,0.00965996
5931,0.0587335
5932,0
5933,0.000498917
5934,0.00592382
5935,0.00531252
5936,0.917039
5938,0.00411406
5940,0.00515889
5941,0.0354451
5942,0.0297981
5943,0.263035
5944,0.062465
5946,0.378917
5947,0.129073
5948,0.871577
5949,0.622916
5951,0.991714
5952,0.949717
5954,1
5955,0.962322
5957,0.00162772
5958,0.0179568
5959,0.717558
5960,0.000145391
5961,0.00463495
5962,0.00273791
5963,0.000283134
5966,1
5967,0.00188875
5968,0.00296215
5969,0.0106891
5970,0.0038471
5971,0.0252442
5972,0.698716
5973,0.944055
5974,0.0442228
5975,0.994695
5976,0.00646832
5977,0.393557
5978,1
5981,0.930331
5982,0.0699408
5983,0.997832
5984,0.954721
5985,0.980043
5986,0.7348
5987,0.32873
5988,1
5989,0.681887
5990,0.000117989
5991,0.0116136
5992,0.0121985
5994,1
5995,0.0398878
5996,0.000510516
5997,0
5998,0.087574
5999,0.169814
6000,0.0591309
6001,0.0115131
6002,0.0018056
6003,0.00296071
6004,0.883225
6005,0.0172622
6006,0.0126353
6008,0.940742
6010,0.0840469
6011,1
6012,1
6014,0.12481
6015,0.963419
6016,0.00453643
6017,0.00116547
6018,0.00065456
6019,0.00045829
6020,0.00800543
6021,0.00562341
6023,0.00524322
6024,0.0486763
6025,0.0703904
6026,0.0115539
6027,0.0183904
6029,0.0221289
6030,0.119806
6031,0.0491525
6032,0.07276
6033,0.63511
6034,0.00265469
6035,0.00833778
6036,0.0235349
6037,0.0511601
6038,1
6040,0.989766
6041,1
6042,1
6043,0.00354565
6045,0.0317387
6048,0.965347
6049,0.803297
6050,0.00178704
6051,0
6052,0.0106343
6053,0.00398877
6055,0.00023854
6056,0.0328724
6057,0.834853
6059,0.0160171
6060,0.00513893
6061,1
6063,0.00434492
6064,0.00132306
6065,0.985288
6066,0.0192222
6067,0.0342361
6068,0.0170739
6069,0.481507
6070,0.0793202
6071,0.00555138
6072,0.0949171
6073,0.00289977
6074,0.00479787
6077,0.00120453
6078,0.0112644
6080,0.00379322
6081,1
6082,0.532686
6083,0.0116869
6084,0.0535845
6087,0.00556995
6088,0.0088031
6089,0.00788885
6090,0.0126374
6091,0.0245897
6092,0.0301082
6093,0.000817125
6094,0.000247831
6095,0.00569941
6096,0.00460873
6097,0.00721649
6098,0.00763015
6100,0.0299981
6102,0.013714
6103,0.00298454
6104,0.00625958
6105,0.00159787
6106,0.00559921
6107,0.196149
6108,0.998883
6109,0.998929
6110,1
6111,1
6112,0.713779
6113,0.0495053
6116,0.968017
6118,0.845367
6119,0.669893
6120,0.0125324
6121,0.00559037
6122,0.00136315
6123,0.0718625
6124,0.000731437
6125,0.931064
6126,0.0479676
6127,1
6128,0.002043
6129,0.00123485
6130,0.811594
6131,1
6132,0.013468
6134,0.0239132
6135,0.00373383
6136,0.00306174
6137,0.00819453
6138,0.00305204
6140,0.00459467
6141,0.0148271
6142,0.929486
6143,0.0613966
6144,0.98303
6145,0.084856
6146,0.133936
6147,0.353376
6149,0.00811717
6150,8.88706e-05
6151,0.00195293
6152,0.839779
6153,0.00182002
6154,0
6155,0.947505
6156,0.0487391
6157,0.00213523
6158,1
6160,0.00441887
6161,0.00172418
6162,0.000981229
6163,0.00504888
6164,0.0286145
6165,0.0441274
6166,0.0617385
6168,0.318777
6169,0.00538628
6175,0.00756448
6176,0.986321
6177,0.000935241
6178,0
6179,0.00701022
6180,0
6181,0.00296749
6182,0.00282638
6183,0.000312273
6184,0
6185,0.000494822
6186,0.0121258
6187,0.0019582
6188,0.00384224
6189,0.00815493
6190,0.00602846
6192,0.00948876
6193,0.0474015
6194,0.999074
6195,0.0151811
6196,0.964663
6197,0.0821139
6198,0.98675
6199,0.00348786
6200,0.00132537
6201,0.00275119
6202,0.0179019
6204,0.02082
6205,0.0146568
6206,0.00214394
6207,0.00621441
6208,1
6209,0.696692
6211,0.00289008
6212,0.0100283
6213,0.00641518
6214,0.0161882
6215,0.00752362
6216,0.092607
6217,0.483003
6218,0.519553
6220,0.984488
6221,0.0290172
6222,0.107728
6223,0.673678
6224,0.863801
6225,1
6226,0.00152519
6227,0.000104072
6228,0.00853767
6229,0.001525
6231,0.886572
6232,0.000686785
6233,0.00264763
6234,0
6235,0.0257472
6236,0.000304602
6237,0.0112976
6238,0.0352845
6239,0.0021304
6240,0.0010506
6241,0.00335864
6242,0.00763281
6243,0.885584
6244,0.0618321
6247,0.628629
6249,0.00920894
6250,0.00199771
6251,0.0121659
6253,0.0525707
6254,1
6255,0.00184874
6256,0.00232165
6257,0.0342694
6258,0.0193666
6259,0.021114
6260,0.0183065
6261,0.259873
6263,0.998648
6264,0.0172872
6269,0.985676
6270,0.937679
6272,0.0148402
6273,0.0232144
6274,0.90738
6275,0.026297
6276,0.997754
6277,0.0933208
6278,0.0226688
6279,0.984518
6280,0.809961
6281,0.00123242
6282,0.00125562
6284,0.0052518
6285,0.000626403
6288,0.0106002
6289,0.012732
6290,0.0398188
6291,0.0092854
6293,0.038997
6294,0.96208
6295,0.13832
6296,0.041944
6297,0.00111172
6298,0.00195656
6299,0.0252401
6300,0.010048
6301,0.0131237
6302,0.0285886
6303,0.0810681
6304,0.0189166
6305,0.0162263
6306,1
6307,0.0202074
6308,0.013306
6309,0.7445
6310,0.00963536
6311,0.00812696
6312,0.00249538
6313,0.0334241
6314,0.0793558
6316,0.585403
6317,0.182495
6318,0.224982
6320,0.98214
6321,0.0870437
6322,0.00653946
6323,0.109812
6324,0.00397701
6325,0.0554802
6326,1
6327,1
6328,0.00620414
6329,0.00119346
6330,0.8513
6331,0.0916868
6333,0.0842021
6334,0.985391
6336,0.0265259
6337,1
6338,0.00236095
6339,0.0589053
6340,0.0401139
6341,0.0225272
6342,0.085589
6343,0.0656978
6344,0.232709
6346,0.00756643
6347,1
6348,0.000870746
6350,0.00592892
6351,0.0959905
6352,0.982939
6353,0.98559
6354,0.970279
6355,0.156352
6356,0.939356
6357,0.97432
6358,0.0269789
6359,0.0141987
6360,0.0377119
6361,0.210891
6362,0.100279
6363,0.0695614
6364,1
6365,0.00319734
6366,0.00547527
6367,0.010581
6368,0.00301465
6369,0.0216561
6371,0.0341832
6372,0.0036374
6373,0.144347
6374,0.0283571
6375,0.016096
6376,0.020126
6377,0.00497577
6379,0.115519
6380,0.90778
6381,0.814222
6382,0.871907
6383,0.0640728
6384,0.00353102
6385,0.00532592
6386,0.00206929
6387,0.000946862
6388,0.0162422
6389,0.00301396
6390,0.0846786
6391,0.00577797
6392,0.030198
6393,0.00383087
6394,0.00271748
6395,0.0308312
6396,0.298906
6397,0.0277728
6398,0.0384225
6399,0.0649539
6400,1
6401,1
6402,0.229074
6403,1
6404,0.00353276
6405,0.00070018
6406,0.00334496
6408,0.0233999
6409,0.00990154
6410,1
6411,0.0739645
6412,0.0216669
6413,0.0095576
6414,0.00304782
6415,0.011647
6416,0.0965241
6419,1
6420,0.0103855
6421,0
6422,0.00242465
6423,0.00624637
6424,0.713424
6425,0.0103674
6428,0.0152091
6430,0.00190394
6431,0.0049473
6432,0.00283812
6433,0.004461
6434,0.794894
6435,0.0254833
6436,0.029103
6437,0.139122
6438,0.00606264
6440,0.00616083
6441,0.0372846
6444,0.00550912
6445,0.00432953
6446,0.000873724
6447,0.0354259
6448,0.0483887
6449,0.000656181
6450,1
6451,0.0248146
6453,0.185597
6454,0.0288089
6455,0.00042043
6456,0.00854912
6457,0.0104556
6458,0.0105353
6459,0.0399754
6460,0.0141448
6462,0.00024757
6463,0.00126766
6464,0.00643291
6466,0.999619
6467,0.00768512
6469,0.00058087
6470,0.989901
6471,0.991518
6472,0.953602
6473,0.000989603
6474,0.000786844
6475,0.00381771
6476,0.00105868
6477,0.000435061
6478,0.01353
6479,0.00532062
6480,0.0241182
6481,0.0293681
6482,0.72727
6483,0.00258863
6484,0.000579949
6485,0.000430607
6486,0.0236849
6487,0.0325896
6488,0.0190807
6489,0.0144089
6490,0.0192597
6491,0.0240177
6493,0.000348562
6494,0.00613843
6495,0.0150957
6496,0.0311156
6497,0.0981734
6498,0.0374495
6499,0.0159715
6500,0.000854835
6501,0.0842215
6502,0.113914
6503,0.183891
6504,1
6505,0.00613303
6506,1
6507,0.0227876
6508,0.0178582
6509,0.194283
6510,0.914952
6511,0.703568
6512,0.102547
6513,0.958628
6514,0.00308587
6515,0.0392869
6516,0.0141215
6517,0.0117034
6518,0.296905
6520,0.0296489
6521,0.00026882
6522,0.00461259
6523,0.0124492
6525,0.0054776
6527,0.0396108
6529,0.00288065
6530,0.00118286
6531,0.00308656
6532,0.0486158
6533,0.0317997
6534,0.0131178
6535,0.021853
6536,0.969886
6537,0.156691
6538,8.20197e-05
6539,0.00187372
6540,0.00432069
6541,0.221726
6543,0.0204958
6545,0.0038776
6546,0.00550837
6547,0.0212557
6549,0.0287994
6550,0.0646868
6551,0.339902
6553,0.00208405
6554,0.0114913
6555,0.122704
6556,0.037727
6557,0.110887
6558,0.140685
6559,0.0124449
6560,0.0236646
6561,0.00796867
6563,0.783647
6565,0.962425
6566,0.309453
6567,0.0589644
6568,0.196079
6569,0.105456
6570,0.153888
6571,0.784804
6572,1
6573,1
6574,1
6575,0.964565
6576,1
6577,0.990207
6579,0.00233639
6580,0.000885174
6581,0.0040917
6582,0.000516452
6585,0.00594877
6586,0.00430062
6587,0.00696332
6588,0.0104334
6589,0.0272223
6590,0.0143664
6591,0.0264976
6592,0.0224601
6593,0.00606175
6594,0.0198843
6595,0.0145796
6596,0.00456709
6597,0.837932
6598,0.171256
6599,0.997819
6602,0.00218545
6603,0.000259035
6604,0.0228713
6605,0.0551849
6606,0.0054495
6607,0.0272347
6608,0.00503048
6609,0.0105824
6610,0.0330539
6611,0.439642
6612,0.893605
6615,0.00106413
6616,0.00169052
6617,0.00328067
6618,0.00374231
6619,0.00721826
6620,0.0295448
6622,0.233255
6623,0.0111911
6628,0.00351865
6629,0.00772596
6630,0.00934189
6631,9.56684e-05
6632,0.00493274
6633,0.00630013
6635,1
6637,0.391248
6638,0.00848149
6639,0.0225484
6640,0.363706
6642,0.841117
6644,0.964393
6646,0.00237334
6648,0
6650,0.0121475
6651,0.0291832
6652,0.0124319
6653,0.0147774
6654,0.0114862
6655,0.0400432
6656,0.0134881
6657,0.0212069
6659,0.0278927
6660,0.115881
6661,0.0174333
6662,0.370694
6663,0.995239
6664,0.840988
6665,0.17949
6666,0.58051
6667,0.0131169
6668,0.00400687
6669,0.274958
6670,0.0532103
6671,0.431681
6673,0.997308
6674,0.00560807
6675,0.0275223
6677,0.0592975
6679,0.000212104
6680,0.00407381
6682,0.226317
6683,0.0326863
6684,0.081219
6685,0.00234812
6686,0.00176812
6687,0.000162702
6688,0.0165577
6689,0.0131624
6690,0.0306577
6691,0.00148212
6692,0.0176398
6693,0.0367344
6694,0.00710046
6695,0.00495434
6696,0.960695
6697,0.00679416
6698,0.00115403
6699,0.00805141
6700,0.117035
6701,1
6702,0.00386364
6703,0.0139626
6704,0.0358859
6705,0.0269428
6706,0.0256542
6707,0.0267185
6708,0.0173459
6709,0.176015
6710,0.00296022
6711,0.00156284
6712,0.00187774
6713,0.0212931
6714,0.00595826
6715,0.0484708
6716,0.00697313
6717,0.990086
6718,0.995484
6720,0.924175
6721,0.902941
6722,0.00389627
6726,0.00353078
6727,0.271766
6728,0.000904943
6729,0.86729
6730,0.00231339
6731,0.0846497
6732,0.0177318
6733,0.0452316
6734,0.0230535
6735,0.000824833
6736,0.00597959
6737,0.000367586
6738,0.00457356
6740,0.0178988
6741,0.000747667
6742,0.0093219
6744,0.00773597
6745,0.0228332
6747,0.0314494
6748,0.0238566
6749,0.0674174
6750,0.0360818
6751,0.456617
6752,0.230701
6754,1
6755,0.002966
6757,0.979153
6758,0.0137598
6760,0.0773303
6761,0.960068
6762,0.0038067
6763,0.00200456
6764,0.00195182
6765,0.00906335
6767,0.00269036
6768,0.0200596
6769,0.0234542
6770,0.00616021
6771,1
6772,0.000565929
6773,0.0089111
6774,0.00251696
6775,0.0211663
6776,0.00374405
6777,0.00913254
6778,0.0452886
6779,0.088092
6781,0.875184
6784,0.0384559
6785,0.982251
6787,0.0130458
6788,0.00553416
6789,1
6790,0.00748159
6791,0.410893
6792,0.0110349
6794,0.00740299
6795,0.980025
6798,0.00319787
6799,0.00373191
6800,0.0164622
6802,0.00948336
6803,1
6804,0.0886621
6806,0.080843
6807,0.000372489
6808,0.00269798
6809,0.200805
6810,0.0202188
6811,0.0683752
6814,0.968076
6817,0.0194665
6818,0.0391517
6819,0.0225238
6820,0.312069
6822,0.0659906
6823,0.336207
6825,1
6826,0.936117
6827,0.0055568
6828,0.00338182
6829,0.00250769
6830,0.00228495
6831,0.00550883
6832,0.0027765
6834,0.00442602
6835,0.00242132
6836,1
6837,1
6838,0.0236888
6839,0.00162885
6840,0.00646442
6841,0.00797897
6842,0.00222618
6844,0.000412316
6845,0.000402366
6846,0.00119409
6847,0.000231322
6848,0.00269953
6849,1
6850,0.00124626
6851,0.00208738
6852,0.0344896
6853,0.0152959
6854,0.137715
6855,1
6858,0.000101442
6859,0.00111854
6860,1
6861,0.0343479
6862,0.400855
6863,0.997517
6866,0.00196973
6867,0.0235155
6868,0.00777664
6870,0.0091908
6872,0.172961
6874,1
6875,0.00509811
6876,0.0757512
6877,0.0113544
6878,0.0108736
6879,0.10523
6881,0.211225
6882,0.00138223
6883,0.013506
6884,0.0138291
6885,0.00891456
6886,0.0180017
6887,0.00374894
6888,0.0364894
6889,0.111612
6891,1
6892,0.00598524
6893,0.00107693
6894,0.0184962
6895,0.0310916
6896,0.0258478
6897,0.0167351
6898,1
6899,0.00842519
6900,0.00445599
6901,0.00102297
6902,0.0185795
6904,0.0863845
6905,0.054182
6906,0.123799
6907,0.550793
6908,0.0966731
6909,0.972483
6910,0.00294157
6911,1
6912,0.0240614
6914,0.146235
6915,0.217872
6916,1
6917,0.000558469
6918,0.00334418
6920,0.00271391
6921,0.1462
6923,0.0207423
6924,3.66195e-05
6925,0.851617
6926,0.000337014
6927,0.00163199
6928,0
6930,0.00382518
6931,0
6932,0.00214624
6933,1
6934,0.00603831
6935,0.0155144
6937,0.00446684
6939,0.0154371
6940,0.00492419
6941,0.0384211
6942,0.0677803
6943,0.840064
6944,0.528673
6945,0.00464389
6946,0.065049
6947,0.000655751
6948,0.0549994
6949,0.0580624
6952,0.0771378
6954,0.328327
6955,0.998488
6957,0.962183
6958,0.850049
6959,0.00305253
6961,0.00103788
6962,0.118988
6963,0.00042856
6964,0.00175924
6967,0.00840557
6968,1
6970,0.0515319
6971,0.981232
6972,1
6973,0.028042
6974,0.0116655
6975,0.952433
6976,0.0385035
6977,0.00144672
6979,0.00281521
6980,0.00712545
6981,0.0142723
6982,0.00804641
6983,0.0172568
6984,0.42834
6986,0.0170631
6987,0.0276636
6988,0.0195242
6989,0.982453
6990,1
6991,1
6992,0.0582963
6993,0.00921669
6994,0.00334503
6996,0.170062
6997,0.0392459
6998,0.0973211
6999,0.00536344
7000,0.026833
7003,0.0290566
7004,0.0663724
7007,0.00978043
7008,0.00347818
7009,1
7010,0.0384155
7011,0.00719109
7012,0.0140867
7013,0.0756082
7014,0.072426
7016,0.00684988
7017,0.00370891
7018,0.012601
7019,0.00476323
7020,0.00525193
7021,0.0101192
7022,0.984285
7024,0.000783502
7025,0.0609334
7026,0.00210506
7027,0.0423677
7028,0.0898986
7029,0.027067
7030,0.00476642
7031,0.0104167
7032,0.0569302
7033,0.395949
7034,1
7035,0.0100299
7036,0.0733654
7038,0.0072432
7040,0.983774
7041,1
7043,0.104936
7044,0.284112
7045,0.644118
7046,0.000299286
7047,0.00636399
7048,0.00782876
7050,0.00863119
7051,0.00148641
7052,1
7053,1
7054,0.00111524
7055,0.017569
7056,0.0106062
7057,0.131076
7059,0.0170479
7061,0.0120096
7062,0.0549707
7066,0.995071
7067,0.00579622
7068,0.00680043
7069,0.0092768
7070,0.0413895
7071,0.0339744
7072,1
7074,0.00261884
7075,1
7076,0.628741
7077,0.0485085
7078,0.00765311
7079,0.32219
7081,0.304374
7082,0.0433694
7083,0.013172
7084,0.025384
7085,0.00875328
7086,0.0355616
7089,0.000561843
7090,0.010845
7091,0.00567638
7092,0
7093,0.050646
7094,0.000628093
7095,0.988072
7096,0.00185989
7098,0.0128678
7100,0.00589452
7101,0.00413021
7103,0.074109
7105,0.0947512
7106,0.0402943
7107,0.619706
7108,1
7109,0.0898632
7110,0.0380447
7111,0.0764029
7112,0.325145
7113,1
7114,0.110492
7115,0.00804129
7116,0.0984346
7118,0.00525353
7119,0.0151153
7120,0.00666339
7121,0.673518
7122,0
7123,0.0957355
7124,0.0584385
7125,0.00144661
7126,0.00179059
7127,0.00504991
7128,0.0132953
7130,0.0161628
7131,0.00305579
7132,0.010923
7133,0.00153738
7134,0.00764578
7135,0.000973967
7136,0.0137868
7137,0.0309607
7138,0.0336546
7139,0.399897
7141,0.0052954
7142,0.00409964
7143,0.0149782
7144,0.0810633
7145,0.0522059
7146,0.0535726
7147,0.0624529
7148,0.0713586
7149,0.0372883
7150,0.00160996
7151,0.014238
7152,0.0274171
7153,0.00588298
7157,0.00461667
7158,0.808112
7159,0.0410831
7160,0.00464314
7161,0.0647508
7162,0.877477
7163,0.120549
7164,0.875817
7165,0.00163764
7166,0.000760388
7167,0.00695657
7169,0.0294058
7170,0.330731
7171,0.057411
7172,0.0296494
7173,0.00238824
7175,0.0124748
7176,0.0164988
7178,0.987556
7179,0.010863
7180,0.00119905
7181,0.00523946
7182,0.0204324
7183,0.042485
7184,1
7185,0.0751502
7186,0.00336978
7187,0.0693565
7188,0.132418
7189,0.0333826
7190,1
7191,0.991223
7192,0.0193447
7193,0.995578
7194,0.934105
7195,1
7197,1
7198,0.088168
7200,0.00167484
7201,0.00518903
7202,0.00473906
7203,0.0005112
7205,0.0738007
7206,0.00546598
7208,0.00444493
7209,0.0184293
7210,0.788603
7211,0.0018409
7212,0.00408527
7213,0.00372647
7214,0.00051097
7215,0.980982
7216,0.0194217
7217,0.125791
7218,0.928167
7219,0.000647071
7220,0.0192241
7221,0.748515
7223,0.200174
7224,0.589724
7225,0.996536
7227,0.857808
7228,0.045878
7229,0.00888317
7231,0.148364
7232,0.0143372
7234,0.00142325
7235,1
7236,0.00109864
7237,0.000736875
7239,0.00343376
7240,0.00717497
7241,0.91996
7242,0.123738
7243,0.00087156
7244,0.00587552
7245,0
7247,0.0012176
7248,0.765604
7249,0.00634997
7250,0.00180191
7251,0.00912553
7252,0.76718
7253,0.00393575
7254,0.0198823
7255,0.0219727
7256,0.31705
7257,0.0292248
7259,0.0571913
7260,0.00652087
7261,1
7263,1
7265,0.56301
7266,0.165435
7267,0.00505345
7268,0.00391371
7269,0.0368033
7270,0.00979773
7271,0.00031815
7272,0.000895114
7273,0.00501096
7274,0.00635623
7275,0.00433655
7276,0.0102826
7277,0.00306749
7278,0.0393899
7279,0.290212
7280,0.42732
7281,0.00417389
7282,0.818793
7283,0.00106905
7284,0.00171899
7285,0.00642553
7286,0.17817
7288,0.720612
7289,0.0784464
7290,0.093041
7291,0.124121
7292,0.0353548
7293,0.0703071
7294,0.985883
7295,0.0559111
7296,0.643926
7297,1
7299,0.0496192
7301,0.00571596
7302,0.00558706
7303,0.990975
7306,0.489984
7307,0.965234
7308,0.00100438
7309,0.96409
7310,0.00394471
7311,0.0617001
7312,0.0341755
7313,0.00835598
7316,0.0227768
7317,0.913001
7318,0.980029
7319,1
7320,0.012921
7321,0.0126837
7323,0.147083
7324,0.0136347
7325,0.25404
7326,0.97126
7327,0.0533513
7329,0.222879
7330,0.140384
7331,0.00702811
7332,0.011604
7333,0.767859
7334,0.00841189
7335,0.0172443
7336,0.052594
7337,0.0284127
7338,0.00264574
7339,0.00268839
7341,0.0459077
7342,0.0477194
7343,0.0508332
7344,1
7345,0.942262
7346,0.015214
7350,0.00390258
7351,0.0222923
7352,0.624973
7354,0.00199606
7356,0.12116
7357,0.0248598
7358,0.404716
7360,0.00625925
7361,0.0070947
7362,0.0105266
7363,0.00165771
7365,0.0239617
7366,0.155885
7367,0.0335691
7368,1
7369,0.574833
7370,0.0249557
7371,0.0195047
7372,0.00468429
7373,0.0695811
7374,0.00330673
7376,0.0043108
7377,0.303936
7378,0.00191809
7379,0.00106319
7380,0.02854
7381,0.00199832
7382,0.00587447
7383,0.0354522
7385,0.0466204
7386,0.0840681
7388,0.0242259
7389,0.124304
7391,0.228651
7392,0.979399
7394,0.0151439
7395,1
7396,1
7397,0.0492169
7399,0.82984
7400,0.116652
7402,1
7403,0.0515222
7404,0.00062078
7407,0.0796377
7408,0.663499
7409,1
7412,1
7413,0.074231
7414,0.0135654
7415,0.0129988
7416,0.202188
7418,0.182368
7419,0.0169969
7420,0.129055
7421,0.155984
7423,0.00134963
7424,1
7425,0.111832
7426,0.0706491
7428,0.0086822
7429,0.998939
7430,0.00219827
7431,0.928629
7433,0.0498872
7434,0.462927
7435,0.00129425
7436,0.0434725
7437,0.00169605
7438,0.0295202
7439,0.955841
7440,0.0114344
7441,0.96725
7443,0.00498451
7444,0.549378
7445,0.288971
7447,0.0343181
7448,0.0529031
7450,0.0342521
7451,0.965513
7452,0.0130376
7453,0.00830263
7454,0.000453369
7455,0.00448894
7456,0.00426853
7457,0.02962
7458,0.0052806
7459,0.0120288
7460,1
7461,0.470879
7462,0.0504299
7463,0.0591015
7464,0.00591068
7466,0.0190701
7467,0.0268046
7468,0.94171
7469,0.00444515
7470,0.000843983
7471,0.00120274
7472,0.00500673
7474,0.0205142
7475,0.00522635
7476,0.00332363
7477,0.00826553
7479,0.00190516
7480,0.989614
7481,0.447384
7483,0.460227
7486,0.900453
7487,0.817599
7488,0.907387
7489,0.890142
7491,0.993016
7492,0.45064
7493,0.941106
7494,1
7495,0.552587
7496,0.979951
7497,0.0119875
7498,0.00863087
7499,0.0156269
7500,0.00489959
7501,0.00527248
7503,0.395876
7505,0.0443032
7506,0.00337369
7507,0.00805015
7508,0.00547393
7509,0.00352016
7510,0.0288417
7511,1
7512,0.417219
7513,1
7514,7.34745e-05
7515,0.0147672
7516,0.0214089
7520,0.112037
7521,0.00223954
7522,0.00656173
7523,0.00632561
7524,0.0246947
7525,1
7526,0.0928958
7528,0.0891839
7529,0.0153514
7530,0.108401
7531,0.139872
7532,0.140172
7534,0.946611
7536,0.385703
7538,0.00080016
7539,0.0104136
7540,0.0175967
7542,0.0155913
7543,0.0205104
7544,0.00610463
7545,0.013345
7546,0.00520698
7547,0.0362778
7548,0.00250725
7549,0.0238081
7550,0.0396679
7551,0.0406427
7553,0.00874716
7554,0.424946
7555,1
7556,0.00568431
7557,0.0168054
7559,0.00117231
7560,0.00483899
7561,0.0120971
7562,0.0035973
7563,0.362745
7564,0.037993
7565,0.0292992
7567,1
7569,0.202844
7570,0.759422
7572,0.432088
7574,0.106648
7575,0.0909022
7576,0.00190212
7577,0.00745997
7580,0.0569941
7582,1
7583,0.109751
7586,0.986556
7589,0.0470755
7591,0.0013569
7594,0.983493
7595,0.00377069
7596,0.00275192
7597,0.00139272
7598,0.00344496
7600,0.00554716
7601,0.00293513
7602,0.910049
7603,0.00416545
7604,0.00274902
7605,0.585939
7607,0.349251
7609,0.0460161
7610,0.00846406
7611,0.0019957
7612,0.0010777
7613,0.0630436
7614,1
7615,0.00454957
7616,0.000103844
7617,0.000299316
7619,0.00549906
7620,0.0080644
7621,0.00398156
7623,0.00109124
7624,0.0107777
7626,0.0153427
7627,0.00402248
7628,0.0430412
7629,0.0190358
7630,0.00444987
7631,0.0263057
7633,0.974874
7634,0.822182
7635,0.0363229
7636,0.00611137
7637,0.0289106
7638,0.00159159
7639,0.0440762
7640,0.00604104
7641,0.000371956
7644,0.0109851
7645,1
7646,0.000589252
7647,0
7648,0.00270468
7649,0.0233626
7651,0.000619477
7652,0.015467
7653,0.0161
7654,0.0105938
7655,0.0907853
7656,0.0222572
7657,0.982145
7658,0.0424699
7659,0.00359879
7660,0.0206073
7661,0.00179313
7662,0.00166116
7663,0
7664,0.0183859
7665,0.00179695
7666,0.00833372
7667,0.0418711
7668,0.0106377
7669,0.00121287
7670,0.00093204
7671,0
7672,0
7673,0.0147859
7674,0.00880737
7676,0.023541
7677,0.000651436
7680,0.0138249
7681,0.000414379
7682,0.000173154
7683,0.00281594
7684,0.000367062
7685,1
7686,0.00746719
7687,0.00763169
7690,0.00610723
7691,0.00206274
7692,0.011889
7693,1
7694,0.0353438
7695,0.00219785
7696,0.000505889
7697,0.00515692
7698,0.00241484
7699,0.0441098
7700,0.125303
7701,0.0253015
7702,0.00856127
7703,0.00826817
7705,0.0212808
7707,0.00725585
7708,0.139062
7709,0.0259819
7710,0.00959808
7713,1
7715,0.00499246
7716,0.00409475
7718,0.0278368
7719,0.052801
7720,0.994651
7721,0.974853
7722,0.988753
7723,0.340621
7725,0.107924
7727,0.0346354
7728,0.888211
7729,0.00618337
7730,0.0127333
7731,0.0496464
7732,0.0106274
7733,0.004587
7734,0.316434
7735,0.002239
7737,0.127502
7738,0.00194302
7739,0.990474
7740,0.00258756
7741,0.00483398
7743,0.0116783
7744,0.0769908
7745,0.0515147
7746,0.000705619
7747,0.00125631
7748,0.00345836
7749,0.00720099
7750,0.0690046
7751,0.0405458
7752,1
7753,0.00872155
7754,0.00149258
7755,0
7756,0.0115716
7757,0.0094276
7758,0.00859209
7759,0.0173055
7760,0.0021161
7761,1
7762,0.0624025
7763,0.0102223
7764,0.0756684
7766,0.0781279
7767,0.00600412
7768,0.88677
7769,0.0203392
7770,0.0844402
7771,0.1237
7772,0.208275
7773,0.0728551
7775,1
7776,0.100072
7778,1
7780,1
7781,0.988682
7782,0.00680653
7783,0.853366
7784,0.00730912
7785,0.00089973
7786,0.0140521
7787,0.116956
7788,0.959115
7789,0.0139904
7790,1
7791,0.0044152
7792,0.00262997
7793,0.00290074
7794,0.00677485
7795,0.0751712
7796,0.0758903
7797,0.000726322
7798,0.0385983
7799,0.00762574
7800,1
7801,0.0459317
7803,0.186042
7804,0.00433714
7805,0.00108432
7806,0.00438544
7807,0.0177581
7808,0.0405579
7809,0.00653887
7810,0.0350099
7811,0.417209
7812,0.969647
7814,1
7816,0.00332868
7817,0.00162829
7818,0.0189822
7820,0.0060496
7822,0.0102615
7823,0.0037464
7824,0.134294
7825,0.883329
7827,0.0795343
7828,0.619028
7829,0.0661138
7830,0.973286
7831,0.117348
7832,0.889324
7833,0.973827
7835,0.000756391
7836,0.785054
7837,0.0146037
7838,0.0240618
7839,0
7840,0.188161
7841,0.0230114
7843,0.0516064
7844,0.0010638
7847,0.0302398
7849,0.375766
7850,0.844848
7851,0.684037
7852,0.969908
7853,0.666407
7855,0.000337003
7857,0.048115
7858,0.00903448
7860,0.853608
7861,0.097095
7862,0.95945
7863,0.00721372
7864,0.0176912
7865,0.339615
7866,0.021522
7867,0.318009
7868,0.869801
7869,0.986646
7870,0.984772
7871,0.453524
7872,0.266985
7873,0.97729
7875,0.373899
7876,0.00516925
7877,0.00862813
7878,0.0668219
7879,0.994672
7881,0.0104825
7884,0.0139448
7885,0.0354829
7886,0.079014
7887,0.00920149
7888,1
7889,0.685414
7891,0.000291616
7892,0.000866993
7893,0.000852416
7894,0.00130131
7895,0.00183956
7896,0.0443541
7897,0.00196134
7898,0.000967976
7899,0.00134567
7900,0.00159167
7901,0.00148287
7902,0.000895385
7903,0.301213
7905,0.0345593
7906,0.0228836
7907,0.0484075
7908,0.00984564
7913,0.00377567
7914,0.00496979
7915,0.00766734
7917,0.0193237
7918,0.0142516
7919,0.0192875
7920,0.990682
7921,0.946068
7922,0.877449
7923,0.00123736
7924,0.0098568
7925,0.00194406
7926,0.0055931
7927,0.0165333
7928,1
7929,0.0162696
7930,0.0420276
7931,0.0514532
7932,0.914305
7933,0.0550511
7934,0.000338483
7936,0.00806697
7937,0.0123712
7938,0.00783984
7939,0.0163698
7940,0.0188308
7941,0.0296323
7942,0.0302605
7943,0.0187176
7944,0.00613013
7945,0.0107004
7946,0.00437472
7947,0.0236335
7948,0.0079555
7949,0.0074717
7951,0.0261985
7953,0.105647
7954,0.989526
7956,0.00496178
7957,0.00455666
7958,0.00485342
7959,0.0885449
7960,0.00905242
7961,1
7962,0.0168379
7964,0.0389478
7966,0.0235832
7968,0.0223655
7969,0.114758
7970,0.0420387
7971,0.000551419
7975,0.0718859
7976,0.0171689
7977,0.299857
7978,0.00769835
7979,0.00821525
7980,0.00178436
7981,0.0411805
7983,1
7984,0.100713
7985,0.00206933
7988,0.0121387
7989,0.0078145
7992,0.327866
7994,0.00192301
7995,0.00114754
7996,0.00160045
7997,0.0117572
7998,0.918545
7999,0.035605
8000,0.0185366
8001,0.0119547
8002,0
8003,5.86948e-05
8005,0.000240864
8006,0.00970795
8007,0.0284606
8008,0.00134306
8009,0.817336
8010,0.884362
8011,0.00135477
8012,0.00431229
8013,0.0257064
8014,0.0489096
8015,0.0871953
8016,0.596413
8019,0.982891
8020,0.327891
8022,0.240849
8025,0.741349
8027,0.0105059
8028,0.0214106
8029,0.00548764
8030,0.0259613
8031,0.970649
8032,0.149832
8033,1
8034,0.00329881
8035,0.00351852
8036,0.118746
8037,0.018023
8038,0.0716184
8039,0.0259044
8040,0.510615
8042,1
8043,0.00258294
8044,0.00963203
8045,0.00716325
8046,0.00973205
8047,0.0293807
8048,1
8049,0.856213
8050,0.00779149
8051,0.016752
8052,0.010926
8053,0.437869
8054,0.00293109
8056,0.0178005
8059,0.34213
8060,0.00629466
8061,0.0294106
8062,0.526912
8063,0.000900519
8064,0.00683133
8065,0.880666
8066,0.00484485
8067,0.00320928
8068,0.00145739
8069,0.00445939
8070,0.00446191
8071,0.0100872
8072,0.0354634
8074,0.00716968
8075,0.00388645
8077,0.00691684
8078,0.0371599
8079,0.01556
8080,0.00214552
8081,0.218016
8082,0.501414
8083,0.20578
8085,0.442518
8086,0.000734875
8087,0.0108564
8088,0.00339974
8089,0.00419322
8090,0.0012179
8091,0.000297508
8092,0.0379433
8094,0.0387947
8095,0.00399773
8096,0.0110118
8097,0.00301832
8098,0.0100213
8099,0.194335
8100,0.0343773
8102,0.00685512
8108,0.192366
8109,0.00398738
8110,0.495059
8111,0.0208058
8112,0.584884
8113,0.0252257
8114,0.0048064
8116,0.025719
8117,0.0191458
8118,1
8119,0.00130218
8120,0
8121,0.00388056
8122,0.0971326
8124,0.224615
8125,0.00978885
8126,0.0701927
8127,0.0530334
8128,0.991297
8129,0.00277288
8130,0.000581517
8131,0.013655
8132,0.281583
8133,0.0163346
8134,0.0161656
8135,0.000624017
8136,0.000586985
8137,0.0144954
8138,0.0264431
8141,0.00958234
8142,0.000961786
8144,0.00161565
8145,0.973804
8146,0.00711694
8148,0.00318896
8149,0.00142156
8151,0.763746
8152,0.00306731
8153,0.00300187
8154,0.00840569
8155,0.108856
8157,0.968211
8158,0.00128165
8159,0.0576869
8160,0.00665388
8161,0.0212372
8162,0.000222347
8163,0.000368029
8164,0.000106429
8165,0
8166,0.0263711
8167,0.00644784
8168,0.012115
8169,1
8170,0.00347141
8171,0.0522954
8172,0.0594728
8173,1
8174,0.00211807
8177,0.00612826
8178,0.00236251
8179,0.0029158
8180,0.0287231
8181,0.0534344
8184,0.0684711
8185,0.00995771
8186,0.161802
8187,0.0046923
8189,0.692386
8190,0.010784
8194,0.192198
